[     726ms] [INFO] [rsbuild] WebSocket connecting... @ http://localhost:4002/brain/static/js/vendors-node_modules_pnpm_rsbuild_core_1_7_3_node_modules_rsbuild_core_dist_client_overlay_js-17c3c5.js:21
[     738ms] [INFO] %cDownload the React DevTools for a better development experience: https://reactjs.org/link/react-devtools font-weight:bold @ http://localhost:4002/brain/static/js/react.js:29950
[    1196ms] [ERROR] UserForageManager getValues error: Error: Failed to get user ID
    at UserForageManager.getUserId (http://localhost:4002/brain/static/js/index.js:147991:29)
    at UserForageManager.get (http://localhost:4002/brain/static/js/index.js:148001:34)
    at loadSidebarState (http://localhost:4002/brain/static/js/index.js:28057:90)
    at http://localhost:4002/brain/static/js/index.js:28080:9
    at commitHookEffectListMount (http://localhost:4002/brain/static/js/react.js:23245:26)
    at commitLayoutEffectOnFiber (http://localhost:4002/brain/static/js/react.js:23363:17)
    at commitLayoutMountEffects_complete (http://localhost:4002/brain/static/js/react.js:24783:9)
    at commitLayoutEffects_begin (http://localhost:4002/brain/static/js/react.js:24769:7)
    at commitLayoutEffects (http://localhost:4002/brain/static/js/react.js:24707:3)
    at commitRootImpl (http://localhost:4002/brain/static/js/react.js:26918:5) @ http://localhost:4002/brain/static/js/vendors-node_modules_pnpm_ant-design_icons_5_6_1_react-dom_18_3_1_react_18_3_1__react_18_3_1_-8c4968.js:251759
[    1198ms] [LOG] 用户未登录，跳转到登录页 @ http://localhost:4002/brain/static/js/vendors-node_modules_pnpm_ant-design_icons_5_6_1_react-dom_18_3_1_react_18_3_1__react_18_3_1_-8c4968.js:251759
[    1200ms] [WARNING] ⚠️ React Router Future Flag Warning: React Router will begin wrapping state updates in `React.startTransition` in v7. You can use the `v7_startTransition` future flag to opt-in early. For more information, see https://reactrouter.com/v6/upgrading/future#v7_starttransition. @ http://localhost:4002/brain/static/js/react.js:34383
[    1207ms] [INFO] [rsbuild] WebSocket connected. @ http://localhost:4002/brain/static/js/vendors-node_modules_pnpm_rsbuild_core_1_7_3_node_modules_rsbuild_core_dist_client_overlay_js-17c3c5.js:21
[    1215ms] [ERROR] Error: [@formatjs/intl Error MISSING_TRANSLATION] Missing message: "common_new_task" for locale "ja-JP", using id as fallback.

    at new MissingTranslationError (http://localhost:4002/brain/static/js/vendors-node_modules_pnpm_ant-design_icons_5_6_1_react-dom_18_3_1_react_18_3_1__react_18_3_1_-8c4968.js:34068:28)
    at formatMessage (http://localhost:4002/brain/static/js/vendors-node_modules_pnpm_ant-design_icons_5_6_1_react-dom_18_3_1_react_18_3_1__react_18_3_1_-8c4968.js:34234:21)
    at formatMessage (http://localhost:4002/brain/static/js/react.js:30956:64)
    at QuickActions (http://localhost:4002/brain/static/js/index.js:23579:45)
    at renderWithHooks (http://localhost:4002/brain/static/js/react.js:15547:18)
    at mountIndeterminateComponent (http://localhost:4002/brain/static/js/react.js:20159:13)
    at beginWork (http://localhost:4002/brain/static/js/react.js:21682:16)
    at beginWork$1 (http://localhost:4002/brain/static/js/react.js:27521:14)
    at performUnitOfWork (http://localhost:4002/brain/static/js/react.js:26652:12)
    at workLoopSync (http://localhost:4002/brain/static/js/react.js:26561:5) @ http://localhost:4002/brain/static/js/vendors-node_modules_pnpm_ant-design_icons_5_6_1_react-dom_18_3_1_react_18_3_1__react_18_3_1_-8c4968.js:34451
[    1215ms] [ERROR] Error: [@formatjs/intl Error MISSING_TRANSLATION] Missing message: "common_new_task" for locale "ja-JP", using id as fallback.

    at new MissingTranslationError (http://localhost:4002/brain/static/js/vendors-node_modules_pnpm_ant-design_icons_5_6_1_react-dom_18_3_1_react_18_3_1__react_18_3_1_-8c4968.js:34068:28)
    at formatMessage (http://localhost:4002/brain/static/js/vendors-node_modules_pnpm_ant-design_icons_5_6_1_react-dom_18_3_1_react_18_3_1__react_18_3_1_-8c4968.js:34234:21)
    at formatMessage (http://localhost:4002/brain/static/js/react.js:30956:64)
    at QuickActions (http://localhost:4002/brain/static/js/index.js:23601:48)
    at renderWithHooks (http://localhost:4002/brain/static/js/react.js:15547:18)
    at mountIndeterminateComponent (http://localhost:4002/brain/static/js/react.js:20159:13)
    at beginWork (http://localhost:4002/brain/static/js/react.js:21682:16)
    at beginWork$1 (http://localhost:4002/brain/static/js/react.js:27521:14)
    at performUnitOfWork (http://localhost:4002/brain/static/js/react.js:26652:12)
    at workLoopSync (http://localhost:4002/brain/static/js/react.js:26561:5) @ http://localhost:4002/brain/static/js/vendors-node_modules_pnpm_ant-design_icons_5_6_1_react-dom_18_3_1_react_18_3_1__react_18_3_1_-8c4968.js:34451
[    1216ms] [ERROR] Error: [@formatjs/intl Error MISSING_TRANSLATION] Missing message: "scheduled_tasks_title" for locale "ja-JP", using id as fallback.

    at new MissingTranslationError (http://localhost:4002/brain/static/js/vendors-node_modules_pnpm_ant-design_icons_5_6_1_react-dom_18_3_1_react_18_3_1__react_18_3_1_-8c4968.js:34068:28)
    at formatMessage (http://localhost:4002/brain/static/js/vendors-node_modules_pnpm_ant-design_icons_5_6_1_react-dom_18_3_1_react_18_3_1__react_18_3_1_-8c4968.js:34234:21)
    at formatMessage (http://localhost:4002/brain/static/js/react.js:30956:64)
    at QuickActions (http://localhost:4002/brain/static/js/index.js:23628:45)
    at renderWithHooks (http://localhost:4002/brain/static/js/react.js:15547:18)
    at mountIndeterminateComponent (http://localhost:4002/brain/static/js/react.js:20159:13)
    at beginWork (http://localhost:4002/brain/static/js/react.js:21682:16)
    at beginWork$1 (http://localhost:4002/brain/static/js/react.js:27521:14)
    at performUnitOfWork (http://localhost:4002/brain/static/js/react.js:26652:12)
    at workLoopSync (http://localhost:4002/brain/static/js/react.js:26561:5) @ http://localhost:4002/brain/static/js/vendors-node_modules_pnpm_ant-design_icons_5_6_1_react-dom_18_3_1_react_18_3_1__react_18_3_1_-8c4968.js:34451
[    1216ms] [ERROR] Error: [@formatjs/intl Error MISSING_TRANSLATION] Missing message: "scheduled_tasks_title" for locale "ja-JP", using id as fallback.

    at new MissingTranslationError (http://localhost:4002/brain/static/js/vendors-node_modules_pnpm_ant-design_icons_5_6_1_react-dom_18_3_1_react_18_3_1__react_18_3_1_-8c4968.js:34068:28)
    at formatMessage (http://localhost:4002/brain/static/js/vendors-node_modules_pnpm_ant-design_icons_5_6_1_react-dom_18_3_1_react_18_3_1__react_18_3_1_-8c4968.js:34234:21)
    at formatMessage (http://localhost:4002/brain/static/js/react.js:30956:64)
    at QuickActions (http://localhost:4002/brain/static/js/index.js:23655:48)
    at renderWithHooks (http://localhost:4002/brain/static/js/react.js:15547:18)
    at mountIndeterminateComponent (http://localhost:4002/brain/static/js/react.js:20159:13)
    at beginWork (http://localhost:4002/brain/static/js/react.js:21682:16)
    at beginWork$1 (http://localhost:4002/brain/static/js/react.js:27521:14)
    at performUnitOfWork (http://localhost:4002/brain/static/js/react.js:26652:12)
    at workLoopSync (http://localhost:4002/brain/static/js/react.js:26561:5) @ http://localhost:4002/brain/static/js/vendors-node_modules_pnpm_ant-design_icons_5_6_1_react-dom_18_3_1_react_18_3_1__react_18_3_1_-8c4968.js:34451
[    1216ms] [ERROR] Error: [@formatjs/intl Error MISSING_TRANSLATION] Missing message: "sidebar_library" for locale "ja-JP", using id as fallback.

    at new MissingTranslationError (http://localhost:4002/brain/static/js/vendors-node_modules_pnpm_ant-design_icons_5_6_1_react-dom_18_3_1_react_18_3_1__react_18_3_1_-8c4968.js:34068:28)
    at formatMessage (http://localhost:4002/brain/static/js/vendors-node_modules_pnpm_ant-design_icons_5_6_1_react-dom_18_3_1_react_18_3_1__react_18_3_1_-8c4968.js:34234:21)
    at formatMessage (http://localhost:4002/brain/static/js/react.js:30956:64)
    at QuickActions (http://localhost:4002/brain/static/js/index.js:23692:45)
    at renderWithHooks (http://localhost:4002/brain/static/js/react.js:15547:18)
    at mountIndeterminateComponent (http://localhost:4002/brain/static/js/react.js:20159:13)
    at beginWork (http://localhost:4002/brain/static/js/react.js:21682:16)
    at beginWork$1 (http://localhost:4002/brain/static/js/react.js:27521:14)
    at performUnitOfWork (http://localhost:4002/brain/static/js/react.js:26652:12)
    at workLoopSync (http://localhost:4002/brain/static/js/react.js:26561:5) @ http://localhost:4002/brain/static/js/vendors-node_modules_pnpm_ant-design_icons_5_6_1_react-dom_18_3_1_react_18_3_1__react_18_3_1_-8c4968.js:34451
[    1216ms] [ERROR] Error: [@formatjs/intl Error MISSING_TRANSLATION] Missing message: "sidebar_library" for locale "ja-JP", using id as fallback.

    at new MissingTranslationError (http://localhost:4002/brain/static/js/vendors-node_modules_pnpm_ant-design_icons_5_6_1_react-dom_18_3_1_react_18_3_1__react_18_3_1_-8c4968.js:34068:28)
    at formatMessage (http://localhost:4002/brain/static/js/vendors-node_modules_pnpm_ant-design_icons_5_6_1_react-dom_18_3_1_react_18_3_1__react_18_3_1_-8c4968.js:34234:21)
    at formatMessage (http://localhost:4002/brain/static/js/react.js:30956:64)
    at QuickActions (http://localhost:4002/brain/static/js/index.js:23719:48)
    at renderWithHooks (http://localhost:4002/brain/static/js/react.js:15547:18)
    at mountIndeterminateComponent (http://localhost:4002/brain/static/js/react.js:20159:13)
    at beginWork (http://localhost:4002/brain/static/js/react.js:21682:16)
    at beginWork$1 (http://localhost:4002/brain/static/js/react.js:27521:14)
    at performUnitOfWork (http://localhost:4002/brain/static/js/react.js:26652:12)
    at workLoopSync (http://localhost:4002/brain/static/js/react.js:26561:5) @ http://localhost:4002/brain/static/js/vendors-node_modules_pnpm_ant-design_icons_5_6_1_react-dom_18_3_1_react_18_3_1__react_18_3_1_-8c4968.js:34451
[    1218ms] [ERROR] Warning: %s: Support for defaultProps will be removed from function components in a future major release. Use JavaScript default parameters instead.%s PublicAddCircleFilled 
    at PublicAddCircleFilled (http://localhost:4002/brain/static/js/vendors-node_modules_pnpm_ant-design_icons_5_6_1_react-dom_18_3_1_react_18_3_1__react_18_3_1_-8c4968.js:176550:21)
    at div
    at div
    at http://localhost:4002/brain/static/js/vendors-node_modules_pnpm_ant-design_icons_5_6_1_react-dom_18_3_1_react_18_3_1__react_18_3_1_-8c4968.js:39857:24
    at DomWrapper (http://localhost:4002/brain/static/js/vendors-node_modules_pnpm_ant-design_icons_5_6_1_react-dom_18_3_1_react_18_3_1__react_18_3_1_-8c4968.js:206864:78)
    at SingleObserver (http://localhost:4002/brain/static/js/vendors-node_modules_pnpm_ant-design_icons_5_6_1_react-dom_18_3_1_react_18_3_1__react_18_3_1_-8c4968.js:206902:24)
    at ResizeObserver (http://localhost:4002/brain/static/js/vendors-node_modules_pnpm_ant-design_icons_5_6_1_react-dom_18_3_1_react_18_3_1__react_18_3_1_-8c4968.js:207034:24)
    at http://localhost:4002/brain/static/js/vendors-node_modules_pnpm_ant-design_icons_5_6_1_react-dom_18_3_1_react_18_3_1__react_18_3_1_-8c4968.js:40649:34
    at Tooltip (http://localhost:4002/brain/static/js/vendors-node_modules_pnpm_ant-design_icons_5_6_1_react-dom_18_3_1_react_18_3_1__react_18_3_1_-8c4968.js:217440:32)
    at http://localhost:4002/brain/static/js/vendors-node_modules_pnpm_ant-design_icons_5_6_1_react-dom_18_3_1_react_18_3_1__react_18_3_1_-8c4968.js:112909:18
    at div
    at div
    at QuickActions (http://localhost:4002/brain/static/js/index.js:23538:11)
    at div
    at div
    at SidebarContent (http://localhost:4002/brain/static/js/index.js:23814:11)
    at div
    at div
    at SmartSidebar (http://localhost:4002/brain/static/js/index.js:23296:22)
    at div
    at aside
    at http://localhost:4002/brain/static/js/vendors-node_modules_pnpm_ant-design_icons_5_6_1_react-dom_18_3_1_react_18_3_1__react_18_3_1_-8c4968.js:91726:18
    at div
    at http://localhost:4002/brain/static/js/vendors-node_modules_pnpm_ant-design_icons_5_6_1_react-dom_18_3_1_react_18_3_1__react_18_3_1_-8c4968.js:91991:30
    at Layout
    at LoginFreeLayout (http://localhost:4002/brain/static/js/index.js:40114:70)
    at RenderedRoute (http://localhost:4002/brain/static/js/react.js:33966:5)
    at Outlet (http://localhost:4002/brain/static/js/react.js:34613:26)
    at div
    at LoginFreeEntry (http://localhost:4002/brain/static/js/index.js:39933:72)
    at RenderedRoute (http://localhost:4002/brain/static/js/react.js:33966:5)
    at Outlet (http://localhost:4002/brain/static/js/react.js:34613:26)
    at RootWrapper (http://localhost:4002/brain/static/js/index.js:112272:71)
    at RenderedRoute (http://localhost:4002/brain/static/js/react.js:33966:5)
    at RenderErrorBoundary (http://localhost:4002/brain/static/js/react.js:33913:5)
    at DataRoutes (http://localhost:4002/brain/static/js/react.js:32532:5)
    at Router (http://localhost:4002/brain/static/js/react.js:34634:15)
    at RouterProvider (http://localhost:4002/brain/static/js/react.js:32315:5)
    at MotionWrapper (http://localhost:4002/brain/static/js/vendors-node_modules_pnpm_ant-design_icons_5_6_1_react-dom_18_3_1_react_18_3_1__react_18_3_1_-8c4968.js:80643:47)
    at ProviderChildren (http://localhost:4002/brain/static/js/vendors-node_modules_pnpm_ant-design_icons_5_6_1_react-dom_18_3_1_react_18_3_1__react_18_3_1_-8c4968.js:81259:5)
    at ConfigProvider (http://localhost:4002/brain/static/js/vendors-node_modules_pnpm_ant-design_icons_5_6_1_react-dom_18_3_1_react_18_3_1__react_18_3_1_-8c4968.js:81561:42)
    at EnhancedConfigProvider (http://localhost:4002/brain/static/js/index.js:118915:11)
    at ThemeProvider (http://localhost:4002/brain/static/js/index.js:119038:11)
    at App (http://localhost:4002/brain/static/js/index.js:13995:75) @ http://localhost:4002/brain/static/js/react.js:146
[    1219ms] [ERROR] Warning: %s: Support for defaultProps will be removed from function components in a future major release. Use JavaScript default parameters instead.%s RecordsTranscriptionTime 
    at RecordsTranscriptionTime (http://localhost:4002/brain/static/js/vendors-node_modules_pnpm_ant-design_icons_5_6_1_react-dom_18_3_1_react_18_3_1__react_18_3_1_-8c4968.js:181055:21)
    at div
    at div
    at http://localhost:4002/brain/static/js/vendors-node_modules_pnpm_ant-design_icons_5_6_1_react-dom_18_3_1_react_18_3_1__react_18_3_1_-8c4968.js:39857:24
    at DomWrapper (http://localhost:4002/brain/static/js/vendors-node_modules_pnpm_ant-design_icons_5_6_1_react-dom_18_3_1_react_18_3_1__react_18_3_1_-8c4968.js:206864:78)
    at SingleObserver (http://localhost:4002/brain/static/js/vendors-node_modules_pnpm_ant-design_icons_5_6_1_react-dom_18_3_1_react_18_3_1__react_18_3_1_-8c4968.js:206902:24)
    at ResizeObserver (http://localhost:4002/brain/static/js/vendors-node_modules_pnpm_ant-design_icons_5_6_1_react-dom_18_3_1_react_18_3_1__react_18_3_1_-8c4968.js:207034:24)
    at http://localhost:4002/brain/static/js/vendors-node_modules_pnpm_ant-design_icons_5_6_1_react-dom_18_3_1_react_18_3_1__react_18_3_1_-8c4968.js:40649:34
    at Tooltip (http://localhost:4002/brain/static/js/vendors-node_modules_pnpm_ant-design_icons_5_6_1_react-dom_18_3_1_react_18_3_1__react_18_3_1_-8c4968.js:217440:32)
    at http://localhost:4002/brain/static/js/vendors-node_modules_pnpm_ant-design_icons_5_6_1_react-dom_18_3_1_react_18_3_1__react_18_3_1_-8c4968.js:112909:18
    at div
    at div
    at QuickActions (http://localhost:4002/brain/static/js/index.js:23538:11)
    at div
    at div
    at SidebarContent (http://localhost:4002/brain/static/js/index.js:23814:11)
    at div
    at div
    at SmartSidebar (http://localhost:4002/brain/static/js/index.js:23296:22)
    at div
    at aside
    at http://localhost:4002/brain/static/js/vendors-node_modules_pnpm_ant-design_icons_5_6_1_react-dom_18_3_1_react_18_3_1__react_18_3_1_-8c4968.js:91726:18
    at div
    at http://localhost:4002/brain/static/js/vendors-node_modules_pnpm_ant-design_icons_5_6_1_react-dom_18_3_1_react_18_3_1__react_18_3_1_-8c4968.js:91991:30
    at Layout
    at LoginFreeLayout (http://localhost:4002/brain/static/js/index.js:40114:70)
    at RenderedRoute (http://localhost:4002/brain/static/js/react.js:33966:5)
    at Outlet (http://localhost:4002/brain/static/js/react.js:34613:26)
    at div
    at LoginFreeEntry (http://localhost:4002/brain/static/js/index.js:39933:72)
    at RenderedRoute (http://localhost:4002/brain/static/js/react.js:33966:5)
    at Outlet (http://localhost:4002/brain/static/js/react.js:34613:26)
    at RootWrapper (http://localhost:4002/brain/static/js/index.js:112272:71)
    at RenderedRoute (http://localhost:4002/brain/static/js/react.js:33966:5)
    at RenderErrorBoundary (http://localhost:4002/brain/static/js/react.js:33913:5)
    at DataRoutes (http://localhost:4002/brain/static/js/react.js:32532:5)
    at Router (http://localhost:4002/brain/static/js/react.js:34634:15)
    at RouterProvider (http://localhost:4002/brain/static/js/react.js:32315:5)
    at MotionWrapper (http://localhost:4002/brain/static/js/vendors-node_modules_pnpm_ant-design_icons_5_6_1_react-dom_18_3_1_react_18_3_1__react_18_3_1_-8c4968.js:80643:47)
    at ProviderChildren (http://localhost:4002/brain/static/js/vendors-node_modules_pnpm_ant-design_icons_5_6_1_react-dom_18_3_1_react_18_3_1__react_18_3_1_-8c4968.js:81259:5)
    at ConfigProvider (http://localhost:4002/brain/static/js/vendors-node_modules_pnpm_ant-design_icons_5_6_1_react-dom_18_3_1_react_18_3_1__react_18_3_1_-8c4968.js:81561:42)
    at EnhancedConfigProvider (http://localhost:4002/brain/static/js/index.js:118915:11)
    at ThemeProvider (http://localhost:4002/brain/static/js/index.js:119038:11)
    at App (http://localhost:4002/brain/static/js/index.js:13995:75) @ http://localhost:4002/brain/static/js/react.js:146
[    1219ms] [ERROR] Warning: %s: Support for defaultProps will be removed from function components in a future major release. Use JavaScript default parameters instead.%s PublicDocumentation 
    at PublicDocumentation (http://localhost:4002/brain/static/js/vendors-node_modules_pnpm_ant-design_icons_5_6_1_react-dom_18_3_1_react_18_3_1__react_18_3_1_-8c4968.js:177700:21)
    at div
    at div
    at http://localhost:4002/brain/static/js/vendors-node_modules_pnpm_ant-design_icons_5_6_1_react-dom_18_3_1_react_18_3_1__react_18_3_1_-8c4968.js:39857:24
    at DomWrapper (http://localhost:4002/brain/static/js/vendors-node_modules_pnpm_ant-design_icons_5_6_1_react-dom_18_3_1_react_18_3_1__react_18_3_1_-8c4968.js:206864:78)
    at SingleObserver (http://localhost:4002/brain/static/js/vendors-node_modules_pnpm_ant-design_icons_5_6_1_react-dom_18_3_1_react_18_3_1__react_18_3_1_-8c4968.js:206902:24)
    at ResizeObserver (http://localhost:4002/brain/static/js/vendors-node_modules_pnpm_ant-design_icons_5_6_1_react-dom_18_3_1_react_18_3_1__react_18_3_1_-8c4968.js:207034:24)
    at http://localhost:4002/brain/static/js/vendors-node_modules_pnpm_ant-design_icons_5_6_1_react-dom_18_3_1_react_18_3_1__react_18_3_1_-8c4968.js:40649:34
    at Tooltip (http://localhost:4002/brain/static/js/vendors-node_modules_pnpm_ant-design_icons_5_6_1_react-dom_18_3_1_react_18_3_1__react_18_3_1_-8c4968.js:217440:32)
    at http://localhost:4002/brain/static/js/vendors-node_modules_pnpm_ant-design_icons_5_6_1_react-dom_18_3_1_react_18_3_1__react_18_3_1_-8c4968.js:112909:18
    at div
    at div
    at QuickActions (http://localhost:4002/brain/static/js/index.js:23538:11)
    at div
    at div
    at SidebarContent (http://localhost:4002/brain/static/js/index.js:23814:11)
    at div
    at div
    at SmartSidebar (http://localhost:4002/brain/static/js/index.js:23296:22)
    at div
    at aside
    at http://localhost:4002/brain/static/js/vendors-node_modules_pnpm_ant-design_icons_5_6_1_react-dom_18_3_1_react_18_3_1__react_18_3_1_-8c4968.js:91726:18
    at div
    at http://localhost:4002/brain/static/js/vendors-node_modules_pnpm_ant-design_icons_5_6_1_react-dom_18_3_1_react_18_3_1__react_18_3_1_-8c4968.js:91991:30
    at Layout
    at LoginFreeLayout (http://localhost:4002/brain/static/js/index.js:40114:70)
    at RenderedRoute (http://localhost:4002/brain/static/js/react.js:33966:5)
    at Outlet (http://localhost:4002/brain/static/js/react.js:34613:26)
    at div
    at LoginFreeEntry (http://localhost:4002/brain/static/js/index.js:39933:72)
    at RenderedRoute (http://localhost:4002/brain/static/js/react.js:33966:5)
    at Outlet (http://localhost:4002/brain/static/js/react.js:34613:26)
    at RootWrapper (http://localhost:4002/brain/static/js/index.js:112272:71)
    at RenderedRoute (http://localhost:4002/brain/static/js/react.js:33966:5)
    at RenderErrorBoundary (http://localhost:4002/brain/static/js/react.js:33913:5)
    at DataRoutes (http://localhost:4002/brain/static/js/react.js:32532:5)
    at Router (http://localhost:4002/brain/static/js/react.js:34634:15)
    at RouterProvider (http://localhost:4002/brain/static/js/react.js:32315:5)
    at MotionWrapper (http://localhost:4002/brain/static/js/vendors-node_modules_pnpm_ant-design_icons_5_6_1_react-dom_18_3_1_react_18_3_1__react_18_3_1_-8c4968.js:80643:47)
    at ProviderChildren (http://localhost:4002/brain/static/js/vendors-node_modules_pnpm_ant-design_icons_5_6_1_react-dom_18_3_1_react_18_3_1__react_18_3_1_-8c4968.js:81259:5)
    at ConfigProvider (http://localhost:4002/brain/static/js/vendors-node_modules_pnpm_ant-design_icons_5_6_1_react-dom_18_3_1_react_18_3_1__react_18_3_1_-8c4968.js:81561:42)
    at EnhancedConfigProvider (http://localhost:4002/brain/static/js/index.js:118915:11)
    at ThemeProvider (http://localhost:4002/brain/static/js/index.js:119038:11)
    at App (http://localhost:4002/brain/static/js/index.js:13995:75) @ http://localhost:4002/brain/static/js/react.js:146
[    1220ms] [ERROR] Error: [@formatjs/intl Error MISSING_TRANSLATION] Missing message: "sidebar_expand_tooltip" for locale "ja-JP", using id as fallback.

    at new MissingTranslationError (http://localhost:4002/brain/static/js/vendors-node_modules_pnpm_ant-design_icons_5_6_1_react-dom_18_3_1_react_18_3_1__react_18_3_1_-8c4968.js:34068:28)
    at formatMessage (http://localhost:4002/brain/static/js/vendors-node_modules_pnpm_ant-design_icons_5_6_1_react-dom_18_3_1_react_18_3_1__react_18_3_1_-8c4968.js:34234:21)
    at formatMessage (http://localhost:4002/brain/static/js/react.js:30956:64)
    at SidebarFooter (http://localhost:4002/brain/static/js/index.js:23979:43)
    at renderWithHooks (http://localhost:4002/brain/static/js/react.js:15547:18)
    at mountIndeterminateComponent (http://localhost:4002/brain/static/js/react.js:20159:13)
    at beginWork (http://localhost:4002/brain/static/js/react.js:21682:16)
    at beginWork$1 (http://localhost:4002/brain/static/js/react.js:27521:14)
    at performUnitOfWork (http://localhost:4002/brain/static/js/react.js:26652:12)
    at workLoopSync (http://localhost:4002/brain/static/js/react.js:26561:5) @ http://localhost:4002/brain/static/js/vendors-node_modules_pnpm_ant-design_icons_5_6_1_react-dom_18_3_1_react_18_3_1__react_18_3_1_-8c4968.js:34451
[    1220ms] [ERROR] Error: [@formatjs/intl Error MISSING_TRANSLATION] Missing message: "settings_integrations_market_title" for locale "ja-JP", using id as fallback.

    at new MissingTranslationError (http://localhost:4002/brain/static/js/vendors-node_modules_pnpm_ant-design_icons_5_6_1_react-dom_18_3_1_react_18_3_1__react_18_3_1_-8c4968.js:34068:28)
    at formatMessage (http://localhost:4002/brain/static/js/vendors-node_modules_pnpm_ant-design_icons_5_6_1_react-dom_18_3_1_react_18_3_1__react_18_3_1_-8c4968.js:34234:21)
    at formatMessage (http://localhost:4002/brain/static/js/react.js:30956:64)
    at SidebarFooter (http://localhost:4002/brain/static/js/index.js:23982:54)
    at renderWithHooks (http://localhost:4002/brain/static/js/react.js:15547:18)
    at mountIndeterminateComponent (http://localhost:4002/brain/static/js/react.js:20159:13)
    at beginWork (http://localhost:4002/brain/static/js/react.js:21682:16)
    at beginWork$1 (http://localhost:4002/brain/static/js/react.js:27521:14)
    at performUnitOfWork (http://localhost:4002/brain/static/js/react.js:26652:12)
    at workLoopSync (http://localhost:4002/brain/static/js/react.js:26561:5) @ http://localhost:4002/brain/static/js/vendors-node_modules_pnpm_ant-design_icons_5_6_1_react-dom_18_3_1_react_18_3_1__react_18_3_1_-8c4968.js:34451
[    1220ms] [ERROR] Error: [@formatjs/intl Error MISSING_TRANSLATION] Missing message: "sidebar_collapse_text" for locale "ja-JP", using id as fallback.

    at new MissingTranslationError (http://localhost:4002/brain/static/js/vendors-node_modules_pnpm_ant-design_icons_5_6_1_react-dom_18_3_1_react_18_3_1__react_18_3_1_-8c4968.js:34068:28)
    at formatMessage (http://localhost:4002/brain/static/js/vendors-node_modules_pnpm_ant-design_icons_5_6_1_react-dom_18_3_1_react_18_3_1__react_18_3_1_-8c4968.js:34234:21)
    at formatMessage (http://localhost:4002/brain/static/js/react.js:30956:64)
    at SidebarFooter (http://localhost:4002/brain/static/js/index.js:24048:44)
    at renderWithHooks (http://localhost:4002/brain/static/js/react.js:15547:18)
    at mountIndeterminateComponent (http://localhost:4002/brain/static/js/react.js:20159:13)
    at beginWork (http://localhost:4002/brain/static/js/react.js:21682:16)
    at beginWork$1 (http://localhost:4002/brain/static/js/react.js:27521:14)
    at performUnitOfWork (http://localhost:4002/brain/static/js/react.js:26652:12)
    at workLoopSync (http://localhost:4002/brain/static/js/react.js:26561:5) @ http://localhost:4002/brain/static/js/vendors-node_modules_pnpm_ant-design_icons_5_6_1_react-dom_18_3_1_react_18_3_1__react_18_3_1_-8c4968.js:34451
[    1220ms] [ERROR] Warning: %s: Support for defaultProps will be removed from function components in a future major release. Use JavaScript default parameters instead.%s PublicBothArrowLeftOutlined 
    at PublicBothArrowLeftOutlined (http://localhost:4002/brain/static/js/vendors-node_modules_pnpm_ant-design_icons_5_6_1_react-dom_18_3_1_react_18_3_1__react_18_3_1_-8c4968.js:177328:21)
    at div
    at http://localhost:4002/brain/static/js/vendors-node_modules_pnpm_ant-design_icons_5_6_1_react-dom_18_3_1_react_18_3_1__react_18_3_1_-8c4968.js:39857:24
    at DomWrapper (http://localhost:4002/brain/static/js/vendors-node_modules_pnpm_ant-design_icons_5_6_1_react-dom_18_3_1_react_18_3_1__react_18_3_1_-8c4968.js:206864:78)
    at SingleObserver (http://localhost:4002/brain/static/js/vendors-node_modules_pnpm_ant-design_icons_5_6_1_react-dom_18_3_1_react_18_3_1__react_18_3_1_-8c4968.js:206902:24)
    at ResizeObserver (http://localhost:4002/brain/static/js/vendors-node_modules_pnpm_ant-design_icons_5_6_1_react-dom_18_3_1_react_18_3_1__react_18_3_1_-8c4968.js:207034:24)
    at http://localhost:4002/brain/static/js/vendors-node_modules_pnpm_ant-design_icons_5_6_1_react-dom_18_3_1_react_18_3_1__react_18_3_1_-8c4968.js:40649:34
    at Tooltip (http://localhost:4002/brain/static/js/vendors-node_modules_pnpm_ant-design_icons_5_6_1_react-dom_18_3_1_react_18_3_1__react_18_3_1_-8c4968.js:217440:32)
    at http://localhost:4002/brain/static/js/vendors-node_modules_pnpm_ant-design_icons_5_6_1_react-dom_18_3_1_react_18_3_1__react_18_3_1_-8c4968.js:112909:18
    at div
    at SidebarFooter (http://localhost:4002/brain/static/js/index.js:23975:11)
    at div
    at div
    at SmartSidebar (http://localhost:4002/brain/static/js/index.js:23296:22)
    at div
    at aside
    at http://localhost:4002/brain/static/js/vendors-node_modules_pnpm_ant-design_icons_5_6_1_react-dom_18_3_1_react_18_3_1__react_18_3_1_-8c4968.js:91726:18
    at div
    at http://localhost:4002/brain/static/js/vendors-node_modules_pnpm_ant-design_icons_5_6_1_react-dom_18_3_1_react_18_3_1__react_18_3_1_-8c4968.js:91991:30
    at Layout
    at LoginFreeLayout (http://localhost:4002/brain/static/js/index.js:40114:70)
    at RenderedRoute (http://localhost:4002/brain/static/js/react.js:33966:5)
    at Outlet (http://localhost:4002/brain/static/js/react.js:34613:26)
    at div
    at LoginFreeEntry (http://localhost:4002/brain/static/js/index.js:39933:72)
    at RenderedRoute (http://localhost:4002/brain/static/js/react.js:33966:5)
    at Outlet (http://localhost:4002/brain/static/js/react.js:34613:26)
    at RootWrapper (http://localhost:4002/brain/static/js/index.js:112272:71)
    at RenderedRoute (http://localhost:4002/brain/static/js/react.js:33966:5)
    at RenderErrorBoundary (http://localhost:4002/brain/static/js/react.js:33913:5)
    at DataRoutes (http://localhost:4002/brain/static/js/react.js:32532:5)
    at Router (http://localhost:4002/brain/static/js/react.js:34634:15)
    at RouterProvider (http://localhost:4002/brain/static/js/react.js:32315:5)
    at MotionWrapper (http://localhost:4002/brain/static/js/vendors-node_modules_pnpm_ant-design_icons_5_6_1_react-dom_18_3_1_react_18_3_1__react_18_3_1_-8c4968.js:80643:47)
    at ProviderChildren (http://localhost:4002/brain/static/js/vendors-node_modules_pnpm_ant-design_icons_5_6_1_react-dom_18_3_1_react_18_3_1__react_18_3_1_-8c4968.js:81259:5)
    at ConfigProvider (http://localhost:4002/brain/static/js/vendors-node_modules_pnpm_ant-design_icons_5_6_1_react-dom_18_3_1_react_18_3_1__react_18_3_1_-8c4968.js:81561:42)
    at EnhancedConfigProvider (http://localhost:4002/brain/static/js/index.js:118915:11)
    at ThemeProvider (http://localhost:4002/brain/static/js/index.js:119038:11)
    at App (http://localhost:4002/brain/static/js/index.js:13995:75) @ http://localhost:4002/brain/static/js/react.js:146
[    1221ms] [ERROR] Error: [@formatjs/intl Error MISSING_TRANSLATION] Missing message: "login_common_login" for locale "ja-JP", using id as fallback.

    at new MissingTranslationError (http://localhost:4002/brain/static/js/vendors-node_modules_pnpm_ant-design_icons_5_6_1_react-dom_18_3_1_react_18_3_1__react_18_3_1_-8c4968.js:34068:28)
    at formatMessage (http://localhost:4002/brain/static/js/vendors-node_modules_pnpm_ant-design_icons_5_6_1_react-dom_18_3_1_react_18_3_1__react_18_3_1_-8c4968.js:34234:21)
    at formatMessage (http://localhost:4002/brain/static/js/react.js:30956:64)
    at LoginFreeTopNav (http://localhost:4002/brain/static/js/index.js:40388:44)
    at renderWithHooks (http://localhost:4002/brain/static/js/react.js:15547:18)
    at mountIndeterminateComponent (http://localhost:4002/brain/static/js/react.js:20159:13)
    at beginWork (http://localhost:4002/brain/static/js/react.js:21682:16)
    at beginWork$1 (http://localhost:4002/brain/static/js/react.js:27521:14)
    at performUnitOfWork (http://localhost:4002/brain/static/js/react.js:26652:12)
    at workLoopSync (http://localhost:4002/brain/static/js/react.js:26561:5) @ http://localhost:4002/brain/static/js/vendors-node_modules_pnpm_ant-design_icons_5_6_1_react-dom_18_3_1_react_18_3_1__react_18_3_1_-8c4968.js:34451
[    1221ms] [ERROR] Error: [@formatjs/intl Error MISSING_TRANSLATION] Missing message: "brain_login_free_start_for_free" for locale "ja-JP", using id as fallback.

    at new MissingTranslationError (http://localhost:4002/brain/static/js/vendors-node_modules_pnpm_ant-design_icons_5_6_1_react-dom_18_3_1_react_18_3_1__react_18_3_1_-8c4968.js:34068:28)
    at formatMessage (http://localhost:4002/brain/static/js/vendors-node_modules_pnpm_ant-design_icons_5_6_1_react-dom_18_3_1_react_18_3_1__react_18_3_1_-8c4968.js:34234:21)
    at formatMessage (http://localhost:4002/brain/static/js/react.js:30956:64)
    at LoginFreeTopNav (http://localhost:4002/brain/static/js/index.js:40400:44)
    at renderWithHooks (http://localhost:4002/brain/static/js/react.js:15547:18)
    at mountIndeterminateComponent (http://localhost:4002/brain/static/js/react.js:20159:13)
    at beginWork (http://localhost:4002/brain/static/js/react.js:21682:16)
    at beginWork$1 (http://localhost:4002/brain/static/js/react.js:27521:14)
    at performUnitOfWork (http://localhost:4002/brain/static/js/react.js:26652:12)
    at workLoopSync (http://localhost:4002/brain/static/js/react.js:26561:5) @ http://localhost:4002/brain/static/js/vendors-node_modules_pnpm_ant-design_icons_5_6_1_react-dom_18_3_1_react_18_3_1__react_18_3_1_-8c4968.js:34451
[    1223ms] [ERROR] Warning: %s: Support for defaultProps will be removed from function components in a future major release. Use JavaScript default parameters instead.%s PublicLanguageWeb 
    at PublicLanguageWeb (http://localhost:4002/brain/static/js/vendors-node_modules_pnpm_ant-design_icons_5_6_1_react-dom_18_3_1_react_18_3_1__react_18_3_1_-8c4968.js:178633:21)
    at button
    at http://localhost:4002/brain/static/js/vendors-node_modules_pnpm_ant-design_icons_5_6_1_react-dom_18_3_1_react_18_3_1__react_18_3_1_-8c4968.js:39857:24
    at DomWrapper (http://localhost:4002/brain/static/js/vendors-node_modules_pnpm_ant-design_icons_5_6_1_react-dom_18_3_1_react_18_3_1__react_18_3_1_-8c4968.js:206864:78)
    at SingleObserver (http://localhost:4002/brain/static/js/vendors-node_modules_pnpm_ant-design_icons_5_6_1_react-dom_18_3_1_react_18_3_1__react_18_3_1_-8c4968.js:206902:24)
    at ResizeObserver (http://localhost:4002/brain/static/js/vendors-node_modules_pnpm_ant-design_icons_5_6_1_react-dom_18_3_1_react_18_3_1__react_18_3_1_-8c4968.js:207034:24)
    at http://localhost:4002/brain/static/js/vendors-node_modules_pnpm_ant-design_icons_5_6_1_react-dom_18_3_1_react_18_3_1__react_18_3_1_-8c4968.js:40649:34
    at Dropdown (http://localhost:4002/brain/static/js/vendors-node_modules_pnpm_ant-design_icons_5_6_1_react-dom_18_3_1_react_18_3_1__react_18_3_1_-8c4968.js:187712:28)
    at Dropdown (http://localhost:4002/brain/static/js/vendors-node_modules_pnpm_ant-design_icons_5_6_1_react-dom_18_3_1_react_18_3_1__react_18_3_1_-8c4968.js:84760:5)
    at div
    at div
    at LoginFreeTopNav (http://localhost:4002/brain/static/js/index.js:40302:67)
    at header
    at http://localhost:4002/brain/static/js/vendors-node_modules_pnpm_ant-design_icons_5_6_1_react-dom_18_3_1_react_18_3_1__react_18_3_1_-8c4968.js:91971:18
    at Header
    at div
    at http://localhost:4002/brain/static/js/vendors-node_modules_pnpm_ant-design_icons_5_6_1_react-dom_18_3_1_react_18_3_1__react_18_3_1_-8c4968.js:91991:30
    at Layout
    at div
    at http://localhost:4002/brain/static/js/vendors-node_modules_pnpm_ant-design_icons_5_6_1_react-dom_18_3_1_react_18_3_1__react_18_3_1_-8c4968.js:91991:30
    at Layout
    at LoginFreeLayout (http://localhost:4002/brain/static/js/index.js:40114:70)
    at RenderedRoute (http://localhost:4002/brain/static/js/react.js:33966:5)
    at Outlet (http://localhost:4002/brain/static/js/react.js:34613:26)
    at div
    at LoginFreeEntry (http://localhost:4002/brain/static/js/index.js:39933:72)
    at RenderedRoute (http://localhost:4002/brain/static/js/react.js:33966:5)
    at Outlet (http://localhost:4002/brain/static/js/react.js:34613:26)
    at RootWrapper (http://localhost:4002/brain/static/js/index.js:112272:71)
    at RenderedRoute (http://localhost:4002/brain/static/js/react.js:33966:5)
    at RenderErrorBoundary (http://localhost:4002/brain/static/js/react.js:33913:5)
    at DataRoutes (http://localhost:4002/brain/static/js/react.js:32532:5)
    at Router (http://localhost:4002/brain/static/js/react.js:34634:15)
    at RouterProvider (http://localhost:4002/brain/static/js/react.js:32315:5)
    at MotionWrapper (http://localhost:4002/brain/static/js/vendors-node_modules_pnpm_ant-design_icons_5_6_1_react-dom_18_3_1_react_18_3_1__react_18_3_1_-8c4968.js:80643:47)
    at ProviderChildren (http://localhost:4002/brain/static/js/vendors-node_modules_pnpm_ant-design_icons_5_6_1_react-dom_18_3_1_react_18_3_1__react_18_3_1_-8c4968.js:81259:5)
    at ConfigProvider (http://localhost:4002/brain/static/js/vendors-node_modules_pnpm_ant-design_icons_5_6_1_react-dom_18_3_1_react_18_3_1__react_18_3_1_-8c4968.js:81561:42)
    at EnhancedConfigProvider (http://localhost:4002/brain/static/js/index.js:118915:11)
    at ThemeProvider (http://localhost:4002/brain/static/js/index.js:119038:11)
    at App (http://localhost:4002/brain/static/js/index.js:13995:75) @ http://localhost:4002/brain/static/js/react.js:146
[    1223ms] [ERROR] Warning: %s: Support for defaultProps will be removed from function components in a future major release. Use JavaScript default parameters instead.%s PublicArrowDownOutlined 
    at PublicArrowDownOutlined (http://localhost:4002/brain/static/js/vendors-node_modules_pnpm_ant-design_icons_5_6_1_react-dom_18_3_1_react_18_3_1__react_18_3_1_-8c4968.js:176922:21)
    at button
    at http://localhost:4002/brain/static/js/vendors-node_modules_pnpm_ant-design_icons_5_6_1_react-dom_18_3_1_react_18_3_1__react_18_3_1_-8c4968.js:39857:24
    at DomWrapper (http://localhost:4002/brain/static/js/vendors-node_modules_pnpm_ant-design_icons_5_6_1_react-dom_18_3_1_react_18_3_1__react_18_3_1_-8c4968.js:206864:78)
    at SingleObserver (http://localhost:4002/brain/static/js/vendors-node_modules_pnpm_ant-design_icons_5_6_1_react-dom_18_3_1_react_18_3_1__react_18_3_1_-8c4968.js:206902:24)
    at ResizeObserver (http://localhost:4002/brain/static/js/vendors-node_modules_pnpm_ant-design_icons_5_6_1_react-dom_18_3_1_react_18_3_1__react_18_3_1_-8c4968.js:207034:24)
    at http://localhost:4002/brain/static/js/vendors-node_modules_pnpm_ant-design_icons_5_6_1_react-dom_18_3_1_react_18_3_1__react_18_3_1_-8c4968.js:40649:34
    at Dropdown (http://localhost:4002/brain/static/js/vendors-node_modules_pnpm_ant-design_icons_5_6_1_react-dom_18_3_1_react_18_3_1__react_18_3_1_-8c4968.js:187712:28)
    at Dropdown (http://localhost:4002/brain/static/js/vendors-node_modules_pnpm_ant-design_icons_5_6_1_react-dom_18_3_1_react_18_3_1__react_18_3_1_-8c4968.js:84760:5)
    at div
    at div
    at LoginFreeTopNav (http://localhost:4002/brain/static/js/index.js:40302:67)
    at header
    at http://localhost:4002/brain/static/js/vendors-node_modules_pnpm_ant-design_icons_5_6_1_react-dom_18_3_1_react_18_3_1__react_18_3_1_-8c4968.js:91971:18
    at Header
    at div
    at http://localhost:4002/brain/static/js/vendors-node_modules_pnpm_ant-design_icons_5_6_1_react-dom_18_3_1_react_18_3_1__react_18_3_1_-8c4968.js:91991:30
    at Layout
    at div
    at http://localhost:4002/brain/static/js/vendors-node_modules_pnpm_ant-design_icons_5_6_1_react-dom_18_3_1_react_18_3_1__react_18_3_1_-8c4968.js:91991:30
    at Layout
    at LoginFreeLayout (http://localhost:4002/brain/static/js/index.js:40114:70)
    at RenderedRoute (http://localhost:4002/brain/static/js/react.js:33966:5)
    at Outlet (http://localhost:4002/brain/static/js/react.js:34613:26)
    at div
    at LoginFreeEntry (http://localhost:4002/brain/static/js/index.js:39933:72)
    at RenderedRoute (http://localhost:4002/brain/static/js/react.js:33966:5)
    at Outlet (http://localhost:4002/brain/static/js/react.js:34613:26)
    at RootWrapper (http://localhost:4002/brain/static/js/index.js:112272:71)
    at RenderedRoute (http://localhost:4002/brain/static/js/react.js:33966:5)
    at RenderErrorBoundary (http://localhost:4002/brain/static/js/react.js:33913:5)
    at DataRoutes (http://localhost:4002/brain/static/js/react.js:32532:5)
    at Router (http://localhost:4002/brain/static/js/react.js:34634:15)
    at RouterProvider (http://localhost:4002/brain/static/js/react.js:32315:5)
    at MotionWrapper (http://localhost:4002/brain/static/js/vendors-node_modules_pnpm_ant-design_icons_5_6_1_react-dom_18_3_1_react_18_3_1__react_18_3_1_-8c4968.js:80643:47)
    at ProviderChildren (http://localhost:4002/brain/static/js/vendors-node_modules_pnpm_ant-design_icons_5_6_1_react-dom_18_3_1_react_18_3_1__react_18_3_1_-8c4968.js:81259:5)
    at ConfigProvider (http://localhost:4002/brain/static/js/vendors-node_modules_pnpm_ant-design_icons_5_6_1_react-dom_18_3_1_react_18_3_1__react_18_3_1_-8c4968.js:81561:42)
    at EnhancedConfigProvider (http://localhost:4002/brain/static/js/index.js:118915:11)
    at ThemeProvider (http://localhost:4002/brain/static/js/index.js:119038:11)
    at App (http://localhost:4002/brain/static/js/index.js:13995:75) @ http://localhost:4002/brain/static/js/react.js:146
[    1228ms] [ERROR] Warning: [antd: Tooltip] `overlayClassName` is deprecated. Please use `classNames={{ root: "" }}` instead. @ http://localhost:4002/brain/static/js/vendors-node_modules_pnpm_ant-design_icons_5_6_1_react-dom_18_3_1_react_18_3_1__react_18_3_1_-8c4968.js:224001
[    1229ms] [ERROR] Warning: %s: Support for defaultProps will be removed from function components in a future major release. Use JavaScript default parameters instead.%s PublicAttachment 
    at PublicAttachment (http://localhost:4002/brain/static/js/vendors-node_modules_pnpm_ant-design_icons_5_6_1_react-dom_18_3_1_react_18_3_1__react_18_3_1_-8c4968.js:176220:21)
    at div
    at button
    at http://localhost:4002/brain/static/js/vendors-node_modules_pnpm_ant-design_icons_5_6_1_react-dom_18_3_1_react_18_3_1__react_18_3_1_-8c4968.js:77417:7
    at http://localhost:4002/brain/static/js/vendors-node_modules_pnpm_ant-design_icons_5_6_1_react-dom_18_3_1_react_18_3_1__react_18_3_1_-8c4968.js:39857:24
    at DomWrapper (http://localhost:4002/brain/static/js/vendors-node_modules_pnpm_ant-design_icons_5_6_1_react-dom_18_3_1_react_18_3_1__react_18_3_1_-8c4968.js:206864:78)
    at SingleObserver (http://localhost:4002/brain/static/js/vendors-node_modules_pnpm_ant-design_icons_5_6_1_react-dom_18_3_1_react_18_3_1__react_18_3_1_-8c4968.js:206902:24)
    at ResizeObserver (http://localhost:4002/brain/static/js/vendors-node_modules_pnpm_ant-design_icons_5_6_1_react-dom_18_3_1_react_18_3_1__react_18_3_1_-8c4968.js:207034:24)
    at http://localhost:4002/brain/static/js/vendors-node_modules_pnpm_ant-design_icons_5_6_1_react-dom_18_3_1_react_18_3_1__react_18_3_1_-8c4968.js:40649:34
    at Tooltip (http://localhost:4002/brain/static/js/vendors-node_modules_pnpm_ant-design_icons_5_6_1_react-dom_18_3_1_react_18_3_1__react_18_3_1_-8c4968.js:217440:32)
    at http://localhost:4002/brain/static/js/vendors-node_modules_pnpm_ant-design_icons_5_6_1_react-dom_18_3_1_react_18_3_1__react_18_3_1_-8c4968.js:112909:18
    at FeatureButton (http://localhost:4002/brain/static/js/index.js:297303:13)
    at http://localhost:4002/brain/static/js/index.js:295721:59
    at div
    at div
    at div
    at http://localhost:4002/brain/static/js/vendors-node_modules_pnpm_ant-design_icons_5_6_1_react-dom_18_3_1_react_18_3_1__react_18_3_1_-8c4968.js:85685:18
    at div
    at ChatComposerActions (http://localhost:4002/brain/static/js/index.js:288453:11)
    at div
    at ChatComposer (http://localhost:4002/brain/static/js/index.js:289097:13)
    at div
    at div
    at div
    at BorderBeam (http://localhost:4002/brain/static/js/index.js:286810:11)
    at div
    at div
    at BottomBreathingGlow (http://localhost:4002/brain/static/js/index.js:287797:11)
    at div
    at div
    at ChatFrame (http://localhost:4002/brain/static/js/index.js:289467:11)
    at div
    at div
    at NormalChatLayout (http://localhost:4002/brain/static/js/index.js:300069:11)
    at Layout (http://localhost:4002/brain/static/js/index.js:301082:11)
    at div
    at LoginFreeChatPage (http://localhost:4002/brain/static/js/index.js:39590:67)
    at RenderedRoute (http://localhost:4002/brain/static/js/react.js:33966:5)
    at Outlet (http://localhost:4002/brain/static/js/react.js:34613:26)
    at div
    at main
    at http://localhost:4002/brain/static/js/vendors-node_modules_pnpm_ant-design_icons_5_6_1_react-dom_18_3_1_react_18_3_1__react_18_3_1_-8c4968.js:91971:18
    at Content
    at div
    at http://localhost:4002/brain/static/js/vendors-node_modules_pnpm_ant-design_icons_5_6_1_react-dom_18_3_1_react_18_3_1__react_18_3_1_-8c4968.js:91991:30
    at Layout
    at div
    at http://localhost:4002/brain/static/js/vendors-node_modules_pnpm_ant-design_icons_5_6_1_react-dom_18_3_1_react_18_3_1__react_18_3_1_-8c4968.js:91991:30
    at Layout
    at LoginFreeLayout (http://localhost:4002/brain/static/js/index.js:40114:70)
    at RenderedRoute (http://localhost:4002/brain/static/js/react.js:33966:5)
    at Outlet (http://localhost:4002/brain/static/js/react.js:34613:26)
    at div
    at LoginFreeEntry (http://localhost:4002/brain/static/js/index.js:39933:72)
    at RenderedRoute (http://localhost:4002/brain/static/js/react.js:33966:5)
    at Outlet (http://localhost:4002/brain/static/js/react.js:34613:26)
    at RootWrapper (http://localhost:4002/brain/static/js/index.js:112272:71)
    at RenderedRoute (http://localhost:4002/brain/static/js/react.js:33966:5)
    at RenderErrorBoundary (http://localhost:4002/brain/static/js/react.js:33913:5)
    at DataRoutes (http://localhost:4002/brain/static/js/react.js:32532:5)
    at Router (http://localhost:4002/brain/static/js/react.js:34634:15)
    at RouterProvider (http://localhost:4002/brain/static/js/react.js:32315:5)
    at MotionWrapper (http://localhost:4002/brain/static/js/vendors-node_modules_pnpm_ant-design_icons_5_6_1_react-dom_18_3_1_react_18_3_1__react_18_3_1_-8c4968.js:80643:47)
    at ProviderChildren (http://localhost:4002/brain/static/js/vendors-node_modules_pnpm_ant-design_icons_5_6_1_react-dom_18_3_1_react_18_3_1__react_18_3_1_-8c4968.js:81259:5)
    at ConfigProvider (http://localhost:4002/brain/static/js/vendors-node_modules_pnpm_ant-design_icons_5_6_1_react-dom_18_3_1_react_18_3_1__react_18_3_1_-8c4968.js:81561:42)
    at EnhancedConfigProvider (http://localhost:4002/brain/static/js/index.js:118915:11)
    at ThemeProvider (http://localhost:4002/brain/static/js/index.js:119038:11)
    at App (http://localhost:4002/brain/static/js/index.js:13995:75) @ http://localhost:4002/brain/static/js/react.js:146
[    1230ms] [ERROR] Warning: %s: Support for defaultProps will be removed from function components in a future major release. Use JavaScript default parameters instead.%s PublicAdd 
    at PublicAdd (http://localhost:4002/brain/static/js/vendors-node_modules_pnpm_ant-design_icons_5_6_1_react-dom_18_3_1_react_18_3_1__react_18_3_1_-8c4968.js:176642:21)
    at button
    at http://localhost:4002/brain/static/js/vendors-node_modules_pnpm_ant-design_icons_5_6_1_react-dom_18_3_1_react_18_3_1__react_18_3_1_-8c4968.js:77417:7
    at FeatureButton (http://localhost:4002/brain/static/js/index.js:297303:13)
    at http://localhost:4002/brain/static/js/vendors-node_modules_pnpm_ant-design_icons_5_6_1_react-dom_18_3_1_react_18_3_1__react_18_3_1_-8c4968.js:39857:24
    at DomWrapper (http://localhost:4002/brain/static/js/vendors-node_modules_pnpm_ant-design_icons_5_6_1_react-dom_18_3_1_react_18_3_1__react_18_3_1_-8c4968.js:206864:78)
    at SingleObserver (http://localhost:4002/brain/static/js/vendors-node_modules_pnpm_ant-design_icons_5_6_1_react-dom_18_3_1_react_18_3_1__react_18_3_1_-8c4968.js:206902:24)
    at ResizeObserver (http://localhost:4002/brain/static/js/vendors-node_modules_pnpm_ant-design_icons_5_6_1_react-dom_18_3_1_react_18_3_1__react_18_3_1_-8c4968.js:207034:24)
    at http://localhost:4002/brain/static/js/vendors-node_modules_pnpm_ant-design_icons_5_6_1_react-dom_18_3_1_react_18_3_1__react_18_3_1_-8c4968.js:40649:34
    at Dropdown (http://localhost:4002/brain/static/js/vendors-node_modules_pnpm_ant-design_icons_5_6_1_react-dom_18_3_1_react_18_3_1__react_18_3_1_-8c4968.js:187712:28)
    at Dropdown (http://localhost:4002/brain/static/js/vendors-node_modules_pnpm_ant-design_icons_5_6_1_react-dom_18_3_1_react_18_3_1__react_18_3_1_-8c4968.js:84760:5)
    at DropDownUpload (http://localhost:4002/brain/static/js/index.js:287882:11)
    at div
    at div
    at http://localhost:4002/brain/static/js/vendors-node_modules_pnpm_ant-design_icons_5_6_1_react-dom_18_3_1_react_18_3_1__react_18_3_1_-8c4968.js:85685:18
    at div
    at ChatComposerActions (http://localhost:4002/brain/static/js/index.js:288453:11)
    at div
    at ChatComposer (http://localhost:4002/brain/static/js/index.js:289097:13)
    at div
    at div
    at div
    at BorderBeam (http://localhost:4002/brain/static/js/index.js:286810:11)
    at div
    at div
    at BottomBreathingGlow (http://localhost:4002/brain/static/js/index.js:287797:11)
    at div
    at div
    at ChatFrame (http://localhost:4002/brain/static/js/index.js:289467:11)
    at div
    at div
    at NormalChatLayout (http://localhost:4002/brain/static/js/index.js:300069:11)
    at Layout (http://localhost:4002/brain/static/js/index.js:301082:11)
    at div
    at LoginFreeChatPage (http://localhost:4002/brain/static/js/index.js:39590:67)
    at RenderedRoute (http://localhost:4002/brain/static/js/react.js:33966:5)
    at Outlet (http://localhost:4002/brain/static/js/react.js:34613:26)
    at div
    at main
    at http://localhost:4002/brain/static/js/vendors-node_modules_pnpm_ant-design_icons_5_6_1_react-dom_18_3_1_react_18_3_1__react_18_3_1_-8c4968.js:91971:18
    at Content
    at div
    at http://localhost:4002/brain/static/js/vendors-node_modules_pnpm_ant-design_icons_5_6_1_react-dom_18_3_1_react_18_3_1__react_18_3_1_-8c4968.js:91991:30
    at Layout
    at div
    at http://localhost:4002/brain/static/js/vendors-node_modules_pnpm_ant-design_icons_5_6_1_react-dom_18_3_1_react_18_3_1__react_18_3_1_-8c4968.js:91991:30
    at Layout
    at LoginFreeLayout (http://localhost:4002/brain/static/js/index.js:40114:70)
    at RenderedRoute (http://localhost:4002/brain/static/js/react.js:33966:5)
    at Outlet (http://localhost:4002/brain/static/js/react.js:34613:26)
    at div
    at LoginFreeEntry (http://localhost:4002/brain/static/js/index.js:39933:72)
    at RenderedRoute (http://localhost:4002/brain/static/js/react.js:33966:5)
    at Outlet (http://localhost:4002/brain/static/js/react.js:34613:26)
    at RootWrapper (http://localhost:4002/brain/static/js/index.js:112272:71)
    at RenderedRoute (http://localhost:4002/brain/static/js/react.js:33966:5)
    at RenderErrorBoundary (http://localhost:4002/brain/static/js/react.js:33913:5)
    at DataRoutes (http://localhost:4002/brain/static/js/react.js:32532:5)
    at Router (http://localhost:4002/brain/static/js/react.js:34634:15)
    at RouterProvider (http://localhost:4002/brain/static/js/react.js:32315:5)
    at MotionWrapper (http://localhost:4002/brain/static/js/vendors-node_modules_pnpm_ant-design_icons_5_6_1_react-dom_18_3_1_react_18_3_1__react_18_3_1_-8c4968.js:80643:47)
    at ProviderChildren (http://localhost:4002/brain/static/js/vendors-node_modules_pnpm_ant-design_icons_5_6_1_react-dom_18_3_1_react_18_3_1__react_18_3_1_-8c4968.js:81259:5)
    at ConfigProvider (http://localhost:4002/brain/static/js/vendors-node_modules_pnpm_ant-design_icons_5_6_1_react-dom_18_3_1_react_18_3_1__react_18_3_1_-8c4968.js:81561:42)
    at EnhancedConfigProvider (http://localhost:4002/brain/static/js/index.js:118915:11)
    at ThemeProvider (http://localhost:4002/brain/static/js/index.js:119038:11)
    at App (http://localhost:4002/brain/static/js/index.js:13995:75) @ http://localhost:4002/brain/static/js/react.js:146
[    1230ms] [ERROR] Warning: %s: Support for defaultProps will be removed from function components in a future major release. Use JavaScript default parameters instead.%s PublicLanguage 
    at PublicLanguage (http://localhost:4002/brain/static/js/vendors-node_modules_pnpm_ant-design_icons_5_6_1_react-dom_18_3_1_react_18_3_1__react_18_3_1_-8c4968.js:178587:21)
    at button
    at http://localhost:4002/brain/static/js/vendors-node_modules_pnpm_ant-design_icons_5_6_1_react-dom_18_3_1_react_18_3_1__react_18_3_1_-8c4968.js:77417:7
    at FeatureButton (http://localhost:4002/brain/static/js/index.js:297303:13)
    at div
    at http://localhost:4002/brain/static/js/vendors-node_modules_pnpm_ant-design_icons_5_6_1_react-dom_18_3_1_react_18_3_1__react_18_3_1_-8c4968.js:85685:18
    at div
    at ChatComposerActions (http://localhost:4002/brain/static/js/index.js:288453:11)
    at div
    at ChatComposer (http://localhost:4002/brain/static/js/index.js:289097:13)
    at div
    at div
    at div
    at BorderBeam (http://localhost:4002/brain/static/js/index.js:286810:11)
    at div
    at div
    at BottomBreathingGlow (http://localhost:4002/brain/static/js/index.js:287797:11)
    at div
    at div
    at ChatFrame (http://localhost:4002/brain/static/js/index.js:289467:11)
    at div
    at div
    at NormalChatLayout (http://localhost:4002/brain/static/js/index.js:300069:11)
    at Layout (http://localhost:4002/brain/static/js/index.js:301082:11)
    at div
    at LoginFreeChatPage (http://localhost:4002/brain/static/js/index.js:39590:67)
    at RenderedRoute (http://localhost:4002/brain/static/js/react.js:33966:5)
    at Outlet (http://localhost:4002/brain/static/js/react.js:34613:26)
    at div
    at main
    at http://localhost:4002/brain/static/js/vendors-node_modules_pnpm_ant-design_icons_5_6_1_react-dom_18_3_1_react_18_3_1__react_18_3_1_-8c4968.js:91971:18
    at Content
    at div
    at http://localhost:4002/brain/static/js/vendors-node_modules_pnpm_ant-design_icons_5_6_1_react-dom_18_3_1_react_18_3_1__react_18_3_1_-8c4968.js:91991:30
    at Layout
    at div
    at http://localhost:4002/brain/static/js/vendors-node_modules_pnpm_ant-design_icons_5_6_1_react-dom_18_3_1_react_18_3_1__react_18_3_1_-8c4968.js:91991:30
    at Layout
    at LoginFreeLayout (http://localhost:4002/brain/static/js/index.js:40114:70)
    at RenderedRoute (http://localhost:4002/brain/static/js/react.js:33966:5)
    at Outlet (http://localhost:4002/brain/static/js/react.js:34613:26)
    at div
    at LoginFreeEntry (http://localhost:4002/brain/static/js/index.js:39933:72)
    at RenderedRoute (http://localhost:4002/brain/static/js/react.js:33966:5)
    at Outlet (http://localhost:4002/brain/static/js/react.js:34613:26)
    at RootWrapper (http://localhost:4002/brain/static/js/index.js:112272:71)
    at RenderedRoute (http://localhost:4002/brain/static/js/react.js:33966:5)
    at RenderErrorBoundary (http://localhost:4002/brain/static/js/react.js:33913:5)
    at DataRoutes (http://localhost:4002/brain/static/js/react.js:32532:5)
    at Router (http://localhost:4002/brain/static/js/react.js:34634:15)
    at RouterProvider (http://localhost:4002/brain/static/js/react.js:32315:5)
    at MotionWrapper (http://localhost:4002/brain/static/js/vendors-node_modules_pnpm_ant-design_icons_5_6_1_react-dom_18_3_1_react_18_3_1__react_18_3_1_-8c4968.js:80643:47)
    at ProviderChildren (http://localhost:4002/brain/static/js/vendors-node_modules_pnpm_ant-design_icons_5_6_1_react-dom_18_3_1_react_18_3_1__react_18_3_1_-8c4968.js:81259:5)
    at ConfigProvider (http://localhost:4002/brain/static/js/vendors-node_modules_pnpm_ant-design_icons_5_6_1_react-dom_18_3_1_react_18_3_1__react_18_3_1_-8c4968.js:81561:42)
    at EnhancedConfigProvider (http://localhost:4002/brain/static/js/index.js:118915:11)
    at ThemeProvider (http://localhost:4002/brain/static/js/index.js:119038:11)
    at App (http://localhost:4002/brain/static/js/index.js:13995:75) @ http://localhost:4002/brain/static/js/react.js:146
[    1231ms] [ERROR] Warning: %s: Support for defaultProps will be removed from function components in a future major release. Use JavaScript default parameters instead.%s PublicAiStyle 
    at PublicAiStyle (http://localhost:4002/brain/static/js/vendors-node_modules_pnpm_ant-design_icons_5_6_1_react-dom_18_3_1_react_18_3_1__react_18_3_1_-8c4968.js:176786:21)
    at button
    at http://localhost:4002/brain/static/js/vendors-node_modules_pnpm_ant-design_icons_5_6_1_react-dom_18_3_1_react_18_3_1__react_18_3_1_-8c4968.js:77417:7
    at FeatureButton (http://localhost:4002/brain/static/js/index.js:297303:13)
    at http://localhost:4002/brain/static/js/vendors-node_modules_pnpm_ant-design_icons_5_6_1_react-dom_18_3_1_react_18_3_1__react_18_3_1_-8c4968.js:39857:24
    at DomWrapper (http://localhost:4002/brain/static/js/vendors-node_modules_pnpm_ant-design_icons_5_6_1_react-dom_18_3_1_react_18_3_1__react_18_3_1_-8c4968.js:206864:78)
    at SingleObserver (http://localhost:4002/brain/static/js/vendors-node_modules_pnpm_ant-design_icons_5_6_1_react-dom_18_3_1_react_18_3_1__react_18_3_1_-8c4968.js:206902:24)
    at ResizeObserver (http://localhost:4002/brain/static/js/vendors-node_modules_pnpm_ant-design_icons_5_6_1_react-dom_18_3_1_react_18_3_1__react_18_3_1_-8c4968.js:207034:24)
    at http://localhost:4002/brain/static/js/vendors-node_modules_pnpm_ant-design_icons_5_6_1_react-dom_18_3_1_react_18_3_1__react_18_3_1_-8c4968.js:40649:34
    at Dropdown (http://localhost:4002/brain/static/js/vendors-node_modules_pnpm_ant-design_icons_5_6_1_react-dom_18_3_1_react_18_3_1__react_18_3_1_-8c4968.js:187712:28)
    at Dropdown (http://localhost:4002/brain/static/js/vendors-node_modules_pnpm_ant-design_icons_5_6_1_react-dom_18_3_1_react_18_3_1__react_18_3_1_-8c4968.js:84760:5)
    at PersonalizationAction (http://localhost:4002/brain/static/js/index.js:291764:67)
    at div
    at http://localhost:4002/brain/static/js/vendors-node_modules_pnpm_ant-design_icons_5_6_1_react-dom_18_3_1_react_18_3_1__react_18_3_1_-8c4968.js:85685:18
    at div
    at ChatComposerActions (http://localhost:4002/brain/static/js/index.js:288453:11)
    at div
    at ChatComposer (http://localhost:4002/brain/static/js/index.js:289097:13)
    at div
    at div
    at div
    at BorderBeam (http://localhost:4002/brain/static/js/index.js:286810:11)
    at div
    at div
    at BottomBreathingGlow (http://localhost:4002/brain/static/js/index.js:287797:11)
    at div
    at div
    at ChatFrame (http://localhost:4002/brain/static/js/index.js:289467:11)
    at div
    at div
    at NormalChatLayout (http://localhost:4002/brain/static/js/index.js:300069:11)
    at Layout (http://localhost:4002/brain/static/js/index.js:301082:11)
    at div
    at LoginFreeChatPage (http://localhost:4002/brain/static/js/index.js:39590:67)
    at RenderedRoute (http://localhost:4002/brain/static/js/react.js:33966:5)
    at Outlet (http://localhost:4002/brain/static/js/react.js:34613:26)
    at div
    at main
    at http://localhost:4002/brain/static/js/vendors-node_modules_pnpm_ant-design_icons_5_6_1_react-dom_18_3_1_react_18_3_1__react_18_3_1_-8c4968.js:91971:18
    at Content
    at div
    at http://localhost:4002/brain/static/js/vendors-node_modules_pnpm_ant-design_icons_5_6_1_react-dom_18_3_1_react_18_3_1__react_18_3_1_-8c4968.js:91991:30
    at Layout
    at div
    at http://localhost:4002/brain/static/js/vendors-node_modules_pnpm_ant-design_icons_5_6_1_react-dom_18_3_1_react_18_3_1__react_18_3_1_-8c4968.js:91991:30
    at Layout
    at LoginFreeLayout (http://localhost:4002/brain/static/js/index.js:40114:70)
    at RenderedRoute (http://localhost:4002/brain/static/js/react.js:33966:5)
    at Outlet (http://localhost:4002/brain/static/js/react.js:34613:26)
    at div
    at LoginFreeEntry (http://localhost:4002/brain/static/js/index.js:39933:72)
    at RenderedRoute (http://localhost:4002/brain/static/js/react.js:33966:5)
    at Outlet (http://localhost:4002/brain/static/js/react.js:34613:26)
    at RootWrapper (http://localhost:4002/brain/static/js/index.js:112272:71)
    at RenderedRoute (http://localhost:4002/brain/static/js/react.js:33966:5)
    at RenderErrorBoundary (http://localhost:4002/brain/static/js/react.js:33913:5)
    at DataRoutes (http://localhost:4002/brain/static/js/react.js:32532:5)
    at Router (http://localhost:4002/brain/static/js/react.js:34634:15)
    at RouterProvider (http://localhost:4002/brain/static/js/react.js:32315:5)
    at MotionWrapper (http://localhost:4002/brain/static/js/vendors-node_modules_pnpm_ant-design_icons_5_6_1_react-dom_18_3_1_react_18_3_1__react_18_3_1_-8c4968.js:80643:47)
    at ProviderChildren (http://localhost:4002/brain/static/js/vendors-node_modules_pnpm_ant-design_icons_5_6_1_react-dom_18_3_1_react_18_3_1__react_18_3_1_-8c4968.js:81259:5)
    at ConfigProvider (http://localhost:4002/brain/static/js/vendors-node_modules_pnpm_ant-design_icons_5_6_1_react-dom_18_3_1_react_18_3_1__react_18_3_1_-8c4968.js:81561:42)
    at EnhancedConfigProvider (http://localhost:4002/brain/static/js/index.js:118915:11)
    at ThemeProvider (http://localhost:4002/brain/static/js/index.js:119038:11)
    at App (http://localhost:4002/brain/static/js/index.js:13995:75) @ http://localhost:4002/brain/static/js/react.js:146
[    1231ms] [ERROR] Warning: %s: Support for defaultProps will be removed from function components in a future major release. Use JavaScript default parameters instead.%s PublicArrowUpTail 
    at PublicArrowUpTail (http://localhost:4002/brain/static/js/vendors-node_modules_pnpm_ant-design_icons_5_6_1_react-dom_18_3_1_react_18_3_1__react_18_3_1_-8c4968.js:177238:21)
    at div
    at button
    at Wave (http://localhost:4002/brain/static/js/vendors-node_modules_pnpm_ant-design_icons_5_6_1_react-dom_18_3_1_react_18_3_1__react_18_3_1_-8c4968.js:74439:5)
    at http://localhost:4002/brain/static/js/vendors-node_modules_pnpm_ant-design_icons_5_6_1_react-dom_18_3_1_react_18_3_1__react_18_3_1_-8c4968.js:77417:7
    at FeatureButton (http://localhost:4002/brain/static/js/index.js:297303:13)
    at ComposerSender (http://localhost:4002/brain/static/js/index.js:289698:11)
    at http://localhost:4002/brain/static/js/vendors-node_modules_pnpm_ant-design_icons_5_6_1_react-dom_18_3_1_react_18_3_1__react_18_3_1_-8c4968.js:39857:24
    at DomWrapper (http://localhost:4002/brain/static/js/vendors-node_modules_pnpm_ant-design_icons_5_6_1_react-dom_18_3_1_react_18_3_1__react_18_3_1_-8c4968.js:206864:78)
    at SingleObserver (http://localhost:4002/brain/static/js/vendors-node_modules_pnpm_ant-design_icons_5_6_1_react-dom_18_3_1_react_18_3_1__react_18_3_1_-8c4968.js:206902:24)
    at ResizeObserver (http://localhost:4002/brain/static/js/vendors-node_modules_pnpm_ant-design_icons_5_6_1_react-dom_18_3_1_react_18_3_1__react_18_3_1_-8c4968.js:207034:24)
    at http://localhost:4002/brain/static/js/vendors-node_modules_pnpm_ant-design_icons_5_6_1_react-dom_18_3_1_react_18_3_1__react_18_3_1_-8c4968.js:40649:34
    at Tooltip (http://localhost:4002/brain/static/js/vendors-node_modules_pnpm_ant-design_icons_5_6_1_react-dom_18_3_1_react_18_3_1__react_18_3_1_-8c4968.js:217440:32)
    at http://localhost:4002/brain/static/js/vendors-node_modules_pnpm_ant-design_icons_5_6_1_react-dom_18_3_1_react_18_3_1__react_18_3_1_-8c4968.js:112909:18
    at div
    at div
    at ChatComposerActions (http://localhost:4002/brain/static/js/index.js:288453:11)
    at div
    at ChatComposer (http://localhost:4002/brain/static/js/index.js:289097:13)
    at div
    at div
    at div
    at BorderBeam (http://localhost:4002/brain/static/js/index.js:286810:11)
    at div
    at div
    at BottomBreathingGlow (http://localhost:4002/brain/static/js/index.js:287797:11)
    at div
    at div
    at ChatFrame (http://localhost:4002/brain/static/js/index.js:289467:11)
    at div
    at div
    at NormalChatLayout (http://localhost:4002/brain/static/js/index.js:300069:11)
    at Layout (http://localhost:4002/brain/static/js/index.js:301082:11)
    at div
    at LoginFreeChatPage (http://localhost:4002/brain/static/js/index.js:39590:67)
    at RenderedRoute (http://localhost:4002/brain/static/js/react.js:33966:5)
    at Outlet (http://localhost:4002/brain/static/js/react.js:34613:26)
    at div
    at main
    at http://localhost:4002/brain/static/js/vendors-node_modules_pnpm_ant-design_icons_5_6_1_react-dom_18_3_1_react_18_3_1__react_18_3_1_-8c4968.js:91971:18
    at Content
    at div
    at http://localhost:4002/brain/static/js/vendors-node_modules_pnpm_ant-design_icons_5_6_1_react-dom_18_3_1_react_18_3_1__react_18_3_1_-8c4968.js:91991:30
    at Layout
    at div
    at http://localhost:4002/brain/static/js/vendors-node_modules_pnpm_ant-design_icons_5_6_1_react-dom_18_3_1_react_18_3_1__react_18_3_1_-8c4968.js:91991:30
    at Layout
    at LoginFreeLayout (http://localhost:4002/brain/static/js/index.js:40114:70)
    at RenderedRoute (http://localhost:4002/brain/static/js/react.js:33966:5)
    at Outlet (http://localhost:4002/brain/static/js/react.js:34613:26)
    at div
    at LoginFreeEntry (http://localhost:4002/brain/static/js/index.js:39933:72)
    at RenderedRoute (http://localhost:4002/brain/static/js/react.js:33966:5)
    at Outlet (http://localhost:4002/brain/static/js/react.js:34613:26)
    at RootWrapper (http://localhost:4002/brain/static/js/index.js:112272:71)
    at RenderedRoute (http://localhost:4002/brain/static/js/react.js:33966:5)
    at RenderErrorBoundary (http://localhost:4002/brain/static/js/react.js:33913:5)
    at DataRoutes (http://localhost:4002/brain/static/js/react.js:32532:5)
    at Router (http://localhost:4002/brain/static/js/react.js:34634:15)
    at RouterProvider (http://localhost:4002/brain/static/js/react.js:32315:5)
    at MotionWrapper (http://localhost:4002/brain/static/js/vendors-node_modules_pnpm_ant-design_icons_5_6_1_react-dom_18_3_1_react_18_3_1__react_18_3_1_-8c4968.js:80643:47)
    at ProviderChildren (http://localhost:4002/brain/static/js/vendors-node_modules_pnpm_ant-design_icons_5_6_1_react-dom_18_3_1_react_18_3_1__react_18_3_1_-8c4968.js:81259:5)
    at ConfigProvider (http://localhost:4002/brain/static/js/vendors-node_modules_pnpm_ant-design_icons_5_6_1_react-dom_18_3_1_react_18_3_1__react_18_3_1_-8c4968.js:81561:42)
    at EnhancedConfigProvider (http://localhost:4002/brain/static/js/index.js:118915:11)
    at ThemeProvider (http://localhost:4002/brain/static/js/index.js:119038:11)
    at App (http://localhost:4002/brain/static/js/index.js:13995:75) @ http://localhost:4002/brain/static/js/react.js:146
[    1232ms] [ERROR] Error: [@formatjs/intl Error MISSING_TRANSLATION] Missing message: "smart_bar_pt_ui_all_tools" for locale "ja-JP", using default message (All tools) as fallback.

    at new MissingTranslationError (http://localhost:4002/brain/static/js/vendors-node_modules_pnpm_ant-design_icons_5_6_1_react-dom_18_3_1_react_18_3_1__react_18_3_1_-8c4968.js:34068:28)
    at formatMessage (http://localhost:4002/brain/static/js/vendors-node_modules_pnpm_ant-design_icons_5_6_1_react-dom_18_3_1_react_18_3_1__react_18_3_1_-8c4968.js:34234:21)
    at formatMessage (http://localhost:4002/brain/static/js/react.js:30956:64)
    at http://localhost:4002/brain/static/js/index.js:39712:86
    at http://localhost:4002/brain/static/js/index.js:45992:24
    at mountMemo (http://localhost:4002/brain/static/js/react.js:16467:19)
    at Object.useMemo (http://localhost:4002/brain/static/js/react.js:16912:16)
    at useMemo (http://localhost:4002/brain/static/js/react.js:41833:21)
    at ToolGrid (http://localhost:4002/brain/static/js/index.js:45989:58)
    at renderWithHooks (http://localhost:4002/brain/static/js/react.js:15547:18) @ http://localhost:4002/brain/static/js/vendors-node_modules_pnpm_ant-design_icons_5_6_1_react-dom_18_3_1_react_18_3_1__react_18_3_1_-8c4968.js:34451
[    1233ms] [ERROR] Error: [@formatjs/intl Error MISSING_TRANSLATION] Missing message: "smart_bar_pt_section_writing" for locale "ja-JP", using default message (Writing) as fallback.

    at new MissingTranslationError (http://localhost:4002/brain/static/js/vendors-node_modules_pnpm_ant-design_icons_5_6_1_react-dom_18_3_1_react_18_3_1__react_18_3_1_-8c4968.js:34068:28)
    at formatMessage (http://localhost:4002/brain/static/js/vendors-node_modules_pnpm_ant-design_icons_5_6_1_react-dom_18_3_1_react_18_3_1__react_18_3_1_-8c4968.js:34234:21)
    at formatMessage (http://localhost:4002/brain/static/js/react.js:30956:64)
    at http://localhost:4002/brain/static/js/index.js:39712:86
    at http://localhost:4002/brain/static/js/index.js:45997:28
    at Array.map (<anonymous>)
    at http://localhost:4002/brain/static/js/index.js:45995:76
    at mountMemo (http://localhost:4002/brain/static/js/react.js:16467:19)
    at Object.useMemo (http://localhost:4002/brain/static/js/react.js:16912:16)
    at useMemo (http://localhost:4002/brain/static/js/react.js:41833:21) @ http://localhost:4002/brain/static/js/vendors-node_modules_pnpm_ant-design_icons_5_6_1_react-dom_18_3_1_react_18_3_1__react_18_3_1_-8c4968.js:34451
[    1233ms] [ERROR] Error: [@formatjs/intl Error MISSING_TRANSLATION] Missing message: "smart_bar_pt_section_marketing" for locale "ja-JP", using default message (Marketing) as fallback.

    at new MissingTranslationError (http://localhost:4002/brain/static/js/vendors-node_modules_pnpm_ant-design_icons_5_6_1_react-dom_18_3_1_react_18_3_1__react_18_3_1_-8c4968.js:34068:28)
    at formatMessage (http://localhost:4002/brain/static/js/vendors-node_modules_pnpm_ant-design_icons_5_6_1_react-dom_18_3_1_react_18_3_1__react_18_3_1_-8c4968.js:34234:21)
    at formatMessage (http://localhost:4002/brain/static/js/react.js:30956:64)
    at http://localhost:4002/brain/static/js/index.js:39712:86
    at http://localhost:4002/brain/static/js/index.js:45997:28
    at Array.map (<anonymous>)
    at http://localhost:4002/brain/static/js/index.js:45995:76
    at mountMemo (http://localhost:4002/brain/static/js/react.js:16467:19)
    at Object.useMemo (http://localhost:4002/brain/static/js/react.js:16912:16)
    at useMemo (http://localhost:4002/brain/static/js/react.js:41833:21) @ http://localhost:4002/brain/static/js/vendors-node_modules_pnpm_ant-design_icons_5_6_1_react-dom_18_3_1_react_18_3_1__react_18_3_1_-8c4968.js:34451
[    1233ms] [ERROR] Error: [@formatjs/intl Error MISSING_TRANSLATION] Missing message: "smart_bar_pt_section_sales" for locale "ja-JP", using default message (Sales) as fallback.

    at new MissingTranslationError (http://localhost:4002/brain/static/js/vendors-node_modules_pnpm_ant-design_icons_5_6_1_react-dom_18_3_1_react_18_3_1__react_18_3_1_-8c4968.js:34068:28)
    at formatMessage (http://localhost:4002/brain/static/js/vendors-node_modules_pnpm_ant-design_icons_5_6_1_react-dom_18_3_1_react_18_3_1__react_18_3_1_-8c4968.js:34234:21)
    at formatMessage (http://localhost:4002/brain/static/js/react.js:30956:64)
    at http://localhost:4002/brain/static/js/index.js:39712:86
    at http://localhost:4002/brain/static/js/index.js:45997:28
    at Array.map (<anonymous>)
    at http://localhost:4002/brain/static/js/index.js:45995:76
    at mountMemo (http://localhost:4002/brain/static/js/react.js:16467:19)
    at Object.useMemo (http://localhost:4002/brain/static/js/react.js:16912:16)
    at useMemo (http://localhost:4002/brain/static/js/react.js:41833:21) @ http://localhost:4002/brain/static/js/vendors-node_modules_pnpm_ant-design_icons_5_6_1_react-dom_18_3_1_react_18_3_1__react_18_3_1_-8c4968.js:34451
[    1233ms] [ERROR] Error: [@formatjs/intl Error MISSING_TRANSLATION] Missing message: "smart_bar_pt_section_management" for locale "ja-JP", using default message (Management) as fallback.

    at new MissingTranslationError (http://localhost:4002/brain/static/js/vendors-node_modules_pnpm_ant-design_icons_5_6_1_react-dom_18_3_1_react_18_3_1__react_18_3_1_-8c4968.js:34068:28)
    at formatMessage (http://localhost:4002/brain/static/js/vendors-node_modules_pnpm_ant-design_icons_5_6_1_react-dom_18_3_1_react_18_3_1__react_18_3_1_-8c4968.js:34234:21)
    at formatMessage (http://localhost:4002/brain/static/js/react.js:30956:64)
    at http://localhost:4002/brain/static/js/index.js:39712:86
    at http://localhost:4002/brain/static/js/index.js:45997:28
    at Array.map (<anonymous>)
    at http://localhost:4002/brain/static/js/index.js:45995:76
    at mountMemo (http://localhost:4002/brain/static/js/react.js:16467:19)
    at Object.useMemo (http://localhost:4002/brain/static/js/react.js:16912:16)
    at useMemo (http://localhost:4002/brain/static/js/react.js:41833:21) @ http://localhost:4002/brain/static/js/vendors-node_modules_pnpm_ant-design_icons_5_6_1_react-dom_18_3_1_react_18_3_1__react_18_3_1_-8c4968.js:34451
[    1233ms] [ERROR] Error: [@formatjs/intl Error MISSING_TRANSLATION] Missing message: "smart_bar_pt_section_hr" for locale "ja-JP", using default message (HR) as fallback.

    at new MissingTranslationError (http://localhost:4002/brain/static/js/vendors-node_modules_pnpm_ant-design_icons_5_6_1_react-dom_18_3_1_react_18_3_1__react_18_3_1_-8c4968.js:34068:28)
    at formatMessage (http://localhost:4002/brain/static/js/vendors-node_modules_pnpm_ant-design_icons_5_6_1_react-dom_18_3_1_react_18_3_1__react_18_3_1_-8c4968.js:34234:21)
    at formatMessage (http://localhost:4002/brain/static/js/react.js:30956:64)
    at http://localhost:4002/brain/static/js/index.js:39712:86
    at http://localhost:4002/brain/static/js/index.js:45997:28
    at Array.map (<anonymous>)
    at http://localhost:4002/brain/static/js/index.js:45995:76
    at mountMemo (http://localhost:4002/brain/static/js/react.js:16467:19)
    at Object.useMemo (http://localhost:4002/brain/static/js/react.js:16912:16)
    at useMemo (http://localhost:4002/brain/static/js/react.js:41833:21) @ http://localhost:4002/brain/static/js/vendors-node_modules_pnpm_ant-design_icons_5_6_1_react-dom_18_3_1_react_18_3_1__react_18_3_1_-8c4968.js:34451
[    1233ms] [ERROR] Error: [@formatjs/intl Error MISSING_TRANSLATION] Missing message: "smart_bar_pt_section_training" for locale "ja-JP", using default message (Training) as fallback.

    at new MissingTranslationError (http://localhost:4002/brain/static/js/vendors-node_modules_pnpm_ant-design_icons_5_6_1_react-dom_18_3_1_react_18_3_1__react_18_3_1_-8c4968.js:34068:28)
    at formatMessage (http://localhost:4002/brain/static/js/vendors-node_modules_pnpm_ant-design_icons_5_6_1_react-dom_18_3_1_react_18_3_1__react_18_3_1_-8c4968.js:34234:21)
    at formatMessage (http://localhost:4002/brain/static/js/react.js:30956:64)
    at http://localhost:4002/brain/static/js/index.js:39712:86
    at http://localhost:4002/brain/static/js/index.js:45997:28
    at Array.map (<anonymous>)
    at http://localhost:4002/brain/static/js/index.js:45995:76
    at mountMemo (http://localhost:4002/brain/static/js/react.js:16467:19)
    at Object.useMemo (http://localhost:4002/brain/static/js/react.js:16912:16)
    at useMemo (http://localhost:4002/brain/static/js/react.js:41833:21) @ http://localhost:4002/brain/static/js/vendors-node_modules_pnpm_ant-design_icons_5_6_1_react-dom_18_3_1_react_18_3_1__react_18_3_1_-8c4968.js:34451
[    1233ms] [ERROR] Error: [@formatjs/intl Error MISSING_TRANSLATION] Missing message: "smart_bar_pt_section_general" for locale "ja-JP", using default message (General) as fallback.

    at new MissingTranslationError (http://localhost:4002/brain/static/js/vendors-node_modules_pnpm_ant-design_icons_5_6_1_react-dom_18_3_1_react_18_3_1__react_18_3_1_-8c4968.js:34068:28)
    at formatMessage (http://localhost:4002/brain/static/js/vendors-node_modules_pnpm_ant-design_icons_5_6_1_react-dom_18_3_1_react_18_3_1__react_18_3_1_-8c4968.js:34234:21)
    at formatMessage (http://localhost:4002/brain/static/js/react.js:30956:64)
    at http://localhost:4002/brain/static/js/index.js:39712:86
    at http://localhost:4002/brain/static/js/index.js:45997:28
    at Array.map (<anonymous>)
    at http://localhost:4002/brain/static/js/index.js:45995:76
    at mountMemo (http://localhost:4002/brain/static/js/react.js:16467:19)
    at Object.useMemo (http://localhost:4002/brain/static/js/react.js:16912:16)
    at useMemo (http://localhost:4002/brain/static/js/react.js:41833:21) @ http://localhost:4002/brain/static/js/vendors-node_modules_pnpm_ant-design_icons_5_6_1_react-dom_18_3_1_react_18_3_1__react_18_3_1_-8c4968.js:34451
[    1233ms] [ERROR] Error: [@formatjs/intl Error MISSING_TRANSLATION] Missing message: "smart_bar_pt_ui_more" for locale "ja-JP", using default message (More) as fallback.

    at new MissingTranslationError (http://localhost:4002/brain/static/js/vendors-node_modules_pnpm_ant-design_icons_5_6_1_react-dom_18_3_1_react_18_3_1__react_18_3_1_-8c4968.js:34068:28)
    at formatMessage (http://localhost:4002/brain/static/js/vendors-node_modules_pnpm_ant-design_icons_5_6_1_react-dom_18_3_1_react_18_3_1__react_18_3_1_-8c4968.js:34234:21)
    at formatMessage (http://localhost:4002/brain/static/js/react.js:30956:64)
    at http://localhost:4002/brain/static/js/index.js:39712:86
    at ToolGrid (http://localhost:4002/brain/static/js/index.js:46106:23)
    at renderWithHooks (http://localhost:4002/brain/static/js/react.js:15547:18)
    at mountIndeterminateComponent (http://localhost:4002/brain/static/js/react.js:20159:13)
    at beginWork (http://localhost:4002/brain/static/js/react.js:21682:16)
    at beginWork$1 (http://localhost:4002/brain/static/js/react.js:27521:14)
    at performUnitOfWork (http://localhost:4002/brain/static/js/react.js:26652:12) @ http://localhost:4002/brain/static/js/vendors-node_modules_pnpm_ant-design_icons_5_6_1_react-dom_18_3_1_react_18_3_1__react_18_3_1_-8c4968.js:34451
[    1235ms] [ERROR] Warning: %s: Support for defaultProps will be removed from function components in a future major release. Use JavaScript default parameters instead.%s SideBarMyMeetings 
    at SideBarMyMeetings (http://localhost:4002/brain/static/js/vendors-node_modules_pnpm_ant-design_icons_5_6_1_react-dom_18_3_1_react_18_3_1__react_18_3_1_-8c4968.js:181813:21)
    at span
    at div
    at div
    at div
    at http://localhost:4002/brain/static/js/vendors-node_modules_pnpm_ant-design_icons_5_6_1_react-dom_18_3_1_react_18_3_1__react_18_3_1_-8c4968.js:39857:24
    at DomWrapper (http://localhost:4002/brain/static/js/vendors-node_modules_pnpm_ant-design_icons_5_6_1_react-dom_18_3_1_react_18_3_1__react_18_3_1_-8c4968.js:206864:78)
    at SingleObserver (http://localhost:4002/brain/static/js/vendors-node_modules_pnpm_ant-design_icons_5_6_1_react-dom_18_3_1_react_18_3_1__react_18_3_1_-8c4968.js:206902:24)
    at ResizeObserver (http://localhost:4002/brain/static/js/vendors-node_modules_pnpm_ant-design_icons_5_6_1_react-dom_18_3_1_react_18_3_1__react_18_3_1_-8c4968.js:207034:24)
    at http://localhost:4002/brain/static/js/vendors-node_modules_pnpm_ant-design_icons_5_6_1_react-dom_18_3_1_react_18_3_1__react_18_3_1_-8c4968.js:40649:34
    at Tooltip (http://localhost:4002/brain/static/js/vendors-node_modules_pnpm_ant-design_icons_5_6_1_react-dom_18_3_1_react_18_3_1__react_18_3_1_-8c4968.js:217440:32)
    at http://localhost:4002/brain/static/js/vendors-node_modules_pnpm_ant-design_icons_5_6_1_react-dom_18_3_1_react_18_3_1__react_18_3_1_-8c4968.js:112909:18
    at div
    at div
    at StartModules (http://localhost:4002/brain/static/js/index.js:297685:11)
    at div
    at div
    at ToolGrid (http://localhost:4002/brain/static/js/index.js:45973:11)
    at div
    at div
    at NormalChatLayout (http://localhost:4002/brain/static/js/index.js:300069:11)
    at Layout (http://localhost:4002/brain/static/js/index.js:301082:11)
    at div
    at LoginFreeChatPage (http://localhost:4002/brain/static/js/index.js:39590:67)
    at RenderedRoute (http://localhost:4002/brain/static/js/react.js:33966:5)
    at Outlet (http://localhost:4002/brain/static/js/react.js:34613:26)
    at div
    at main
    at http://localhost:4002/brain/static/js/vendors-node_modules_pnpm_ant-design_icons_5_6_1_react-dom_18_3_1_react_18_3_1__react_18_3_1_-8c4968.js:91971:18
    at Content
    at div
    at http://localhost:4002/brain/static/js/vendors-node_modules_pnpm_ant-design_icons_5_6_1_react-dom_18_3_1_react_18_3_1__react_18_3_1_-8c4968.js:91991:30
    at Layout
    at div
    at http://localhost:4002/brain/static/js/vendors-node_modules_pnpm_ant-design_icons_5_6_1_react-dom_18_3_1_react_18_3_1__react_18_3_1_-8c4968.js:91991:30
    at Layout
    at LoginFreeLayout (http://localhost:4002/brain/static/js/index.js:40114:70)
    at RenderedRoute (http://localhost:4002/brain/static/js/react.js:33966:5)
    at Outlet (http://localhost:4002/brain/static/js/react.js:34613:26)
    at div
    at LoginFreeEntry (http://localhost:4002/brain/static/js/index.js:39933:72)
    at RenderedRoute (http://localhost:4002/brain/static/js/react.js:33966:5)
    at Outlet (http://localhost:4002/brain/static/js/react.js:34613:26)
    at RootWrapper (http://localhost:4002/brain/static/js/index.js:112272:71)
    at RenderedRoute (http://localhost:4002/brain/static/js/react.js:33966:5)
    at RenderErrorBoundary (http://localhost:4002/brain/static/js/react.js:33913:5)
    at DataRoutes (http://localhost:4002/brain/static/js/react.js:32532:5)
    at Router (http://localhost:4002/brain/static/js/react.js:34634:15)
    at RouterProvider (http://localhost:4002/brain/static/js/react.js:32315:5)
    at MotionWrapper (http://localhost:4002/brain/static/js/vendors-node_modules_pnpm_ant-design_icons_5_6_1_react-dom_18_3_1_react_18_3_1__react_18_3_1_-8c4968.js:80643:47)
    at ProviderChildren (http://localhost:4002/brain/static/js/vendors-node_modules_pnpm_ant-design_icons_5_6_1_react-dom_18_3_1_react_18_3_1__react_18_3_1_-8c4968.js:81259:5)
    at ConfigProvider (http://localhost:4002/brain/static/js/vendors-node_modules_pnpm_ant-design_icons_5_6_1_react-dom_18_3_1_react_18_3_1__react_18_3_1_-8c4968.js:81561:42)
    at EnhancedConfigProvider (http://localhost:4002/brain/static/js/index.js:118915:11)
    at ThemeProvider (http://localhost:4002/brain/static/js/index.js:119038:11)
    at App (http://localhost:4002/brain/static/js/index.js:13995:75) @ http://localhost:4002/brain/static/js/react.js:146
[    1237ms] [ERROR] Error: [@formatjs/intl Error MISSING_TRANSLATION] Missing message: "scheduled_tasks_title" for locale "ja-JP", using id as fallback.

    at new MissingTranslationError (http://localhost:4002/brain/static/js/vendors-node_modules_pnpm_ant-design_icons_5_6_1_react-dom_18_3_1_react_18_3_1__react_18_3_1_-8c4968.js:34068:28)
    at formatMessage (http://localhost:4002/brain/static/js/vendors-node_modules_pnpm_ant-design_icons_5_6_1_react-dom_18_3_1_react_18_3_1__react_18_3_1_-8c4968.js:34234:21)
    at formatMessage (http://localhost:4002/brain/static/js/react.js:30956:64)
    at buildDefaultConnectBannerSlides (http://localhost:4002/brain/static/js/index.js:19820:25)
    at http://localhost:4002/brain/static/js/index.js:19998:121
    at mountMemo (http://localhost:4002/brain/static/js/react.js:16467:19)
    at Object.useMemo (http://localhost:4002/brain/static/js/react.js:16912:16)
    at useMemo (http://localhost:4002/brain/static/js/react.js:41833:21)
    at ConnectAppsBanner (http://localhost:4002/brain/static/js/index.js:19997:55)
    at renderWithHooks (http://localhost:4002/brain/static/js/react.js:15547:18) @ http://localhost:4002/brain/static/js/vendors-node_modules_pnpm_ant-design_icons_5_6_1_react-dom_18_3_1_react_18_3_1__react_18_3_1_-8c4968.js:34451
[    1237ms] [ERROR] Error: [@formatjs/intl Error MISSING_TRANSLATION] Missing message: "brain_integrations_scheduled_tasks_banner_description" for locale "ja-JP", using id as fallback.

    at new MissingTranslationError (http://localhost:4002/brain/static/js/vendors-node_modules_pnpm_ant-design_icons_5_6_1_react-dom_18_3_1_react_18_3_1__react_18_3_1_-8c4968.js:34068:28)
    at formatMessage (http://localhost:4002/brain/static/js/vendors-node_modules_pnpm_ant-design_icons_5_6_1_react-dom_18_3_1_react_18_3_1__react_18_3_1_-8c4968.js:34234:21)
    at formatMessage (http://localhost:4002/brain/static/js/react.js:30956:64)
    at buildDefaultConnectBannerSlides (http://localhost:4002/brain/static/js/index.js:19823:31)
    at http://localhost:4002/brain/static/js/index.js:19998:121
    at mountMemo (http://localhost:4002/brain/static/js/react.js:16467:19)
    at Object.useMemo (http://localhost:4002/brain/static/js/react.js:16912:16)
    at useMemo (http://localhost:4002/brain/static/js/react.js:41833:21)
    at ConnectAppsBanner (http://localhost:4002/brain/static/js/index.js:19997:55)
    at renderWithHooks (http://localhost:4002/brain/static/js/react.js:15547:18) @ http://localhost:4002/brain/static/js/vendors-node_modules_pnpm_ant-design_icons_5_6_1_react-dom_18_3_1_react_18_3_1__react_18_3_1_-8c4968.js:34451
[    1237ms] [ERROR] Error: [@formatjs/intl Error MISSING_TRANSLATION] Missing message: "brain_integrations_scheduled_tasks_banner_cta" for locale "ja-JP", using id as fallback.

    at new MissingTranslationError (http://localhost:4002/brain/static/js/vendors-node_modules_pnpm_ant-design_icons_5_6_1_react-dom_18_3_1_react_18_3_1__react_18_3_1_-8c4968.js:34068:28)
    at formatMessage (http://localhost:4002/brain/static/js/vendors-node_modules_pnpm_ant-design_icons_5_6_1_react-dom_18_3_1_react_18_3_1__react_18_3_1_-8c4968.js:34234:21)
    at formatMessage (http://localhost:4002/brain/static/js/react.js:30956:64)
    at buildDefaultConnectBannerSlides (http://localhost:4002/brain/static/js/index.js:19826:23)
    at http://localhost:4002/brain/static/js/index.js:19998:121
    at mountMemo (http://localhost:4002/brain/static/js/react.js:16467:19)
    at Object.useMemo (http://localhost:4002/brain/static/js/react.js:16912:16)
    at useMemo (http://localhost:4002/brain/static/js/react.js:41833:21)
    at ConnectAppsBanner (http://localhost:4002/brain/static/js/index.js:19997:55)
    at renderWithHooks (http://localhost:4002/brain/static/js/react.js:15547:18) @ http://localhost:4002/brain/static/js/vendors-node_modules_pnpm_ant-design_icons_5_6_1_react-dom_18_3_1_react_18_3_1__react_18_3_1_-8c4968.js:34451
[    1237ms] [ERROR] Error: [@formatjs/intl Error MISSING_TRANSLATION] Missing message: "common_slack" for locale "ja-JP", using id as fallback.

    at new MissingTranslationError (http://localhost:4002/brain/static/js/vendors-node_modules_pnpm_ant-design_icons_5_6_1_react-dom_18_3_1_react_18_3_1__react_18_3_1_-8c4968.js:34068:28)
    at formatMessage (http://localhost:4002/brain/static/js/vendors-node_modules_pnpm_ant-design_icons_5_6_1_react-dom_18_3_1_react_18_3_1__react_18_3_1_-8c4968.js:34234:21)
    at formatMessage (http://localhost:4002/brain/static/js/react.js:30956:64)
    at buildDefaultConnectBannerSlides (http://localhost:4002/brain/static/js/index.js:19844:25)
    at http://localhost:4002/brain/static/js/index.js:19998:121
    at mountMemo (http://localhost:4002/brain/static/js/react.js:16467:19)
    at Object.useMemo (http://localhost:4002/brain/static/js/react.js:16912:16)
    at useMemo (http://localhost:4002/brain/static/js/react.js:41833:21)
    at ConnectAppsBanner (http://localhost:4002/brain/static/js/index.js:19997:55)
    at renderWithHooks (http://localhost:4002/brain/static/js/react.js:15547:18) @ http://localhost:4002/brain/static/js/vendors-node_modules_pnpm_ant-design_icons_5_6_1_react-dom_18_3_1_react_18_3_1__react_18_3_1_-8c4968.js:34451
[    1237ms] [ERROR] Error: [@formatjs/intl Error MISSING_TRANSLATION] Missing message: "brain_integrations_slack_description" for locale "ja-JP", using id as fallback.

    at new MissingTranslationError (http://localhost:4002/brain/static/js/vendors-node_modules_pnpm_ant-design_icons_5_6_1_react-dom_18_3_1_react_18_3_1__react_18_3_1_-8c4968.js:34068:28)
    at formatMessage (http://localhost:4002/brain/static/js/vendors-node_modules_pnpm_ant-design_icons_5_6_1_react-dom_18_3_1_react_18_3_1__react_18_3_1_-8c4968.js:34234:21)
    at formatMessage (http://localhost:4002/brain/static/js/react.js:30956:64)
    at buildDefaultConnectBannerSlides (http://localhost:4002/brain/static/js/index.js:19847:31)
    at http://localhost:4002/brain/static/js/index.js:19998:121
    at mountMemo (http://localhost:4002/brain/static/js/react.js:16467:19)
    at Object.useMemo (http://localhost:4002/brain/static/js/react.js:16912:16)
    at useMemo (http://localhost:4002/brain/static/js/react.js:41833:21)
    at ConnectAppsBanner (http://localhost:4002/brain/static/js/index.js:19997:55)
    at renderWithHooks (http://localhost:4002/brain/static/js/react.js:15547:18) @ http://localhost:4002/brain/static/js/vendors-node_modules_pnpm_ant-design_icons_5_6_1_react-dom_18_3_1_react_18_3_1__react_18_3_1_-8c4968.js:34451
[    1238ms] [ERROR] Error: [@formatjs/intl Error MISSING_TRANSLATION] Missing message: "common_learn_more_text" for locale "ja-JP", using id as fallback.

    at new MissingTranslationError (http://localhost:4002/brain/static/js/vendors-node_modules_pnpm_ant-design_icons_5_6_1_react-dom_18_3_1_react_18_3_1__react_18_3_1_-8c4968.js:34068:28)
    at formatMessage (http://localhost:4002/brain/static/js/vendors-node_modules_pnpm_ant-design_icons_5_6_1_react-dom_18_3_1_react_18_3_1__react_18_3_1_-8c4968.js:34234:21)
    at formatMessage (http://localhost:4002/brain/static/js/react.js:30956:64)
    at buildDefaultConnectBannerSlides (http://localhost:4002/brain/static/js/index.js:19850:23)
    at http://localhost:4002/brain/static/js/index.js:19998:121
    at mountMemo (http://localhost:4002/brain/static/js/react.js:16467:19)
    at Object.useMemo (http://localhost:4002/brain/static/js/react.js:16912:16)
    at useMemo (http://localhost:4002/brain/static/js/react.js:41833:21)
    at ConnectAppsBanner (http://localhost:4002/brain/static/js/index.js:19997:55)
    at renderWithHooks (http://localhost:4002/brain/static/js/react.js:15547:18) @ http://localhost:4002/brain/static/js/vendors-node_modules_pnpm_ant-design_icons_5_6_1_react-dom_18_3_1_react_18_3_1__react_18_3_1_-8c4968.js:34451
[    1238ms] [ERROR] Error: [@formatjs/intl Error MISSING_TRANSLATION] Missing message: "common_line" for locale "ja-JP", using id as fallback.

    at new MissingTranslationError (http://localhost:4002/brain/static/js/vendors-node_modules_pnpm_ant-design_icons_5_6_1_react-dom_18_3_1_react_18_3_1__react_18_3_1_-8c4968.js:34068:28)
    at formatMessage (http://localhost:4002/brain/static/js/vendors-node_modules_pnpm_ant-design_icons_5_6_1_react-dom_18_3_1_react_18_3_1__react_18_3_1_-8c4968.js:34234:21)
    at formatMessage (http://localhost:4002/brain/static/js/react.js:30956:64)
    at buildDefaultConnectBannerSlides (http://localhost:4002/brain/static/js/index.js:19870:25)
    at http://localhost:4002/brain/static/js/index.js:19998:121
    at mountMemo (http://localhost:4002/brain/static/js/react.js:16467:19)
    at Object.useMemo (http://localhost:4002/brain/static/js/react.js:16912:16)
    at useMemo (http://localhost:4002/brain/static/js/react.js:41833:21)
    at ConnectAppsBanner (http://localhost:4002/brain/static/js/index.js:19997:55)
    at renderWithHooks (http://localhost:4002/brain/static/js/react.js:15547:18) @ http://localhost:4002/brain/static/js/vendors-node_modules_pnpm_ant-design_icons_5_6_1_react-dom_18_3_1_react_18_3_1__react_18_3_1_-8c4968.js:34451
[    1238ms] [ERROR] Error: [@formatjs/intl Error MISSING_TRANSLATION] Missing message: "settings_integrations_market_line_description" for locale "ja-JP", using id as fallback.

    at new MissingTranslationError (http://localhost:4002/brain/static/js/vendors-node_modules_pnpm_ant-design_icons_5_6_1_react-dom_18_3_1_react_18_3_1__react_18_3_1_-8c4968.js:34068:28)
    at formatMessage (http://localhost:4002/brain/static/js/vendors-node_modules_pnpm_ant-design_icons_5_6_1_react-dom_18_3_1_react_18_3_1__react_18_3_1_-8c4968.js:34234:21)
    at formatMessage (http://localhost:4002/brain/static/js/react.js:30956:64)
    at buildDefaultConnectBannerSlides (http://localhost:4002/brain/static/js/index.js:19873:31)
    at http://localhost:4002/brain/static/js/index.js:19998:121
    at mountMemo (http://localhost:4002/brain/static/js/react.js:16467:19)
    at Object.useMemo (http://localhost:4002/brain/static/js/react.js:16912:16)
    at useMemo (http://localhost:4002/brain/static/js/react.js:41833:21)
    at ConnectAppsBanner (http://localhost:4002/brain/static/js/index.js:19997:55)
    at renderWithHooks (http://localhost:4002/brain/static/js/react.js:15547:18) @ http://localhost:4002/brain/static/js/vendors-node_modules_pnpm_ant-design_icons_5_6_1_react-dom_18_3_1_react_18_3_1__react_18_3_1_-8c4968.js:34451
[    1238ms] [ERROR] Error: [@formatjs/intl Error MISSING_TRANSLATION] Missing message: "mc_line_bot_banner_connect" for locale "ja-JP", using default message (Connect LINE) as fallback.

    at new MissingTranslationError (http://localhost:4002/brain/static/js/vendors-node_modules_pnpm_ant-design_icons_5_6_1_react-dom_18_3_1_react_18_3_1__react_18_3_1_-8c4968.js:34068:28)
    at formatMessage (http://localhost:4002/brain/static/js/vendors-node_modules_pnpm_ant-design_icons_5_6_1_react-dom_18_3_1_react_18_3_1__react_18_3_1_-8c4968.js:34234:21)
    at formatMessage (http://localhost:4002/brain/static/js/react.js:30956:64)
    at buildDefaultConnectBannerSlides (http://localhost:4002/brain/static/js/index.js:19876:23)
    at http://localhost:4002/brain/static/js/index.js:19998:121
    at mountMemo (http://localhost:4002/brain/static/js/react.js:16467:19)
    at Object.useMemo (http://localhost:4002/brain/static/js/react.js:16912:16)
    at useMemo (http://localhost:4002/brain/static/js/react.js:41833:21)
    at ConnectAppsBanner (http://localhost:4002/brain/static/js/index.js:19997:55)
    at renderWithHooks (http://localhost:4002/brain/static/js/react.js:15547:18) @ http://localhost:4002/brain/static/js/vendors-node_modules_pnpm_ant-design_icons_5_6_1_react-dom_18_3_1_react_18_3_1__react_18_3_1_-8c4968.js:34451
[    1238ms] [ERROR] Error: [@formatjs/intl Error MISSING_TRANSLATION] Missing message: "brain_integrations_connect_apps_title" for locale "ja-JP", using id as fallback.

    at new MissingTranslationError (http://localhost:4002/brain/static/js/vendors-node_modules_pnpm_ant-design_icons_5_6_1_react-dom_18_3_1_react_18_3_1__react_18_3_1_-8c4968.js:34068:28)
    at formatMessage (http://localhost:4002/brain/static/js/vendors-node_modules_pnpm_ant-design_icons_5_6_1_react-dom_18_3_1_react_18_3_1__react_18_3_1_-8c4968.js:34234:21)
    at formatMessage (http://localhost:4002/brain/static/js/react.js:30956:64)
    at buildDefaultConnectBannerSlides (http://localhost:4002/brain/static/js/index.js:19890:25)
    at http://localhost:4002/brain/static/js/index.js:19998:121
    at mountMemo (http://localhost:4002/brain/static/js/react.js:16467:19)
    at Object.useMemo (http://localhost:4002/brain/static/js/react.js:16912:16)
    at useMemo (http://localhost:4002/brain/static/js/react.js:41833:21)
    at ConnectAppsBanner (http://localhost:4002/brain/static/js/index.js:19997:55)
    at renderWithHooks (http://localhost:4002/brain/static/js/react.js:15547:18) @ http://localhost:4002/brain/static/js/vendors-node_modules_pnpm_ant-design_icons_5_6_1_react-dom_18_3_1_react_18_3_1__react_18_3_1_-8c4968.js:34451
[    1238ms] [ERROR] Error: [@formatjs/intl Error MISSING_TRANSLATION] Missing message: "brain_integrations_connect_apps_description" for locale "ja-JP", using id as fallback.

    at new MissingTranslationError (http://localhost:4002/brain/static/js/vendors-node_modules_pnpm_ant-design_icons_5_6_1_react-dom_18_3_1_react_18_3_1__react_18_3_1_-8c4968.js:34068:28)
    at formatMessage (http://localhost:4002/brain/static/js/vendors-node_modules_pnpm_ant-design_icons_5_6_1_react-dom_18_3_1_react_18_3_1__react_18_3_1_-8c4968.js:34234:21)
    at formatMessage (http://localhost:4002/brain/static/js/react.js:30956:64)
    at buildDefaultConnectBannerSlides (http://localhost:4002/brain/static/js/index.js:19893:31)
    at http://localhost:4002/brain/static/js/index.js:19998:121
    at mountMemo (http://localhost:4002/brain/static/js/react.js:16467:19)
    at Object.useMemo (http://localhost:4002/brain/static/js/react.js:16912:16)
    at useMemo (http://localhost:4002/brain/static/js/react.js:41833:21)
    at ConnectAppsBanner (http://localhost:4002/brain/static/js/index.js:19997:55)
    at renderWithHooks (http://localhost:4002/brain/static/js/react.js:15547:18) @ http://localhost:4002/brain/static/js/vendors-node_modules_pnpm_ant-design_icons_5_6_1_react-dom_18_3_1_react_18_3_1__react_18_3_1_-8c4968.js:34451
[    1238ms] [ERROR] Error: [@formatjs/intl Error MISSING_TRANSLATION] Missing message: "common_learn_more_text" for locale "ja-JP", using id as fallback.

    at new MissingTranslationError (http://localhost:4002/brain/static/js/vendors-node_modules_pnpm_ant-design_icons_5_6_1_react-dom_18_3_1_react_18_3_1__react_18_3_1_-8c4968.js:34068:28)
    at formatMessage (http://localhost:4002/brain/static/js/vendors-node_modules_pnpm_ant-design_icons_5_6_1_react-dom_18_3_1_react_18_3_1__react_18_3_1_-8c4968.js:34234:21)
    at formatMessage (http://localhost:4002/brain/static/js/react.js:30956:64)
    at buildDefaultConnectBannerSlides (http://localhost:4002/brain/static/js/index.js:19896:23)
    at http://localhost:4002/brain/static/js/index.js:19998:121
    at mountMemo (http://localhost:4002/brain/static/js/react.js:16467:19)
    at Object.useMemo (http://localhost:4002/brain/static/js/react.js:16912:16)
    at useMemo (http://localhost:4002/brain/static/js/react.js:41833:21)
    at ConnectAppsBanner (http://localhost:4002/brain/static/js/index.js:19997:55)
    at renderWithHooks (http://localhost:4002/brain/static/js/react.js:15547:18) @ http://localhost:4002/brain/static/js/vendors-node_modules_pnpm_ant-design_icons_5_6_1_react-dom_18_3_1_react_18_3_1__react_18_3_1_-8c4968.js:34451
[    1238ms] [ERROR] Error: [@formatjs/intl Error MISSING_TRANSLATION] Missing message: "common_close" for locale "ja-JP", using id as fallback.

    at new MissingTranslationError (http://localhost:4002/brain/static/js/vendors-node_modules_pnpm_ant-design_icons_5_6_1_react-dom_18_3_1_react_18_3_1__react_18_3_1_-8c4968.js:34068:28)
    at formatMessage (http://localhost:4002/brain/static/js/vendors-node_modules_pnpm_ant-design_icons_5_6_1_react-dom_18_3_1_react_18_3_1__react_18_3_1_-8c4968.js:34234:21)
    at formatMessage (http://localhost:4002/brain/static/js/react.js:30956:64)
    at ConnectAppsBanner (http://localhost:4002/brain/static/js/index.js:20013:29)
    at renderWithHooks (http://localhost:4002/brain/static/js/react.js:15547:18)
    at mountIndeterminateComponent (http://localhost:4002/brain/static/js/react.js:20159:13)
    at beginWork (http://localhost:4002/brain/static/js/react.js:21682:16)
    at beginWork$1 (http://localhost:4002/brain/static/js/react.js:27521:14)
    at performUnitOfWork (http://localhost:4002/brain/static/js/react.js:26652:12)
    at workLoopSync (http://localhost:4002/brain/static/js/react.js:26561:5) @ http://localhost:4002/brain/static/js/vendors-node_modules_pnpm_ant-design_icons_5_6_1_react-dom_18_3_1_react_18_3_1__react_18_3_1_-8c4968.js:34451
[    1239ms] [ERROR] Warning: %s: Support for defaultProps will be removed from function components in a future major release. Use JavaScript default parameters instead.%s PublicClose 
    at PublicClose (http://localhost:4002/brain/static/js/vendors-node_modules_pnpm_ant-design_icons_5_6_1_react-dom_18_3_1_react_18_3_1__react_18_3_1_-8c4968.js:174251:21)
    at button
    at div
    at div
    at BannerSlideCard (http://localhost:4002/brain/static/js/index.js:20097:11)
    at div
    at div
    at div
    at div
    at BannerCarousel (http://localhost:4002/brain/static/js/index.js:19608:11)
    at div
    at ConnectAppsBanner (http://localhost:4002/brain/static/js/index.js:19984:11)
    at IntegrationBanner (http://localhost:4002/brain/static/js/index.js:20271:11)
    at div
    at LoginFreeChatPage (http://localhost:4002/brain/static/js/index.js:39590:67)
    at RenderedRoute (http://localhost:4002/brain/static/js/react.js:33966:5)
    at Outlet (http://localhost:4002/brain/static/js/react.js:34613:26)
    at div
    at main
    at http://localhost:4002/brain/static/js/vendors-node_modules_pnpm_ant-design_icons_5_6_1_react-dom_18_3_1_react_18_3_1__react_18_3_1_-8c4968.js:91971:18
    at Content
    at div
    at http://localhost:4002/brain/static/js/vendors-node_modules_pnpm_ant-design_icons_5_6_1_react-dom_18_3_1_react_18_3_1__react_18_3_1_-8c4968.js:91991:30
    at Layout
    at div
    at http://localhost:4002/brain/static/js/vendors-node_modules_pnpm_ant-design_icons_5_6_1_react-dom_18_3_1_react_18_3_1__react_18_3_1_-8c4968.js:91991:30
    at Layout
    at LoginFreeLayout (http://localhost:4002/brain/static/js/index.js:40114:70)
    at RenderedRoute (http://localhost:4002/brain/static/js/react.js:33966:5)
    at Outlet (http://localhost:4002/brain/static/js/react.js:34613:26)
    at div
    at LoginFreeEntry (http://localhost:4002/brain/static/js/index.js:39933:72)
    at RenderedRoute (http://localhost:4002/brain/static/js/react.js:33966:5)
    at Outlet (http://localhost:4002/brain/static/js/react.js:34613:26)
    at RootWrapper (http://localhost:4002/brain/static/js/index.js:112272:71)
    at RenderedRoute (http://localhost:4002/brain/static/js/react.js:33966:5)
    at RenderErrorBoundary (http://localhost:4002/brain/static/js/react.js:33913:5)
    at DataRoutes (http://localhost:4002/brain/static/js/react.js:32532:5)
    at Router (http://localhost:4002/brain/static/js/react.js:34634:15)
    at RouterProvider (http://localhost:4002/brain/static/js/react.js:32315:5)
    at MotionWrapper (http://localhost:4002/brain/static/js/vendors-node_modules_pnpm_ant-design_icons_5_6_1_react-dom_18_3_1_react_18_3_1__react_18_3_1_-8c4968.js:80643:47)
    at ProviderChildren (http://localhost:4002/brain/static/js/vendors-node_modules_pnpm_ant-design_icons_5_6_1_react-dom_18_3_1_react_18_3_1__react_18_3_1_-8c4968.js:81259:5)
    at ConfigProvider (http://localhost:4002/brain/static/js/vendors-node_modules_pnpm_ant-design_icons_5_6_1_react-dom_18_3_1_react_18_3_1__react_18_3_1_-8c4968.js:81561:42)
    at EnhancedConfigProvider (http://localhost:4002/brain/static/js/index.js:118915:11)
    at ThemeProvider (http://localhost:4002/brain/static/js/index.js:119038:11)
    at App (http://localhost:4002/brain/static/js/index.js:13995:75) @ http://localhost:4002/brain/static/js/react.js:146
[    1239ms] [ERROR] Warning: %s: Support for defaultProps will be removed from function components in a future major release. Use JavaScript default parameters instead.%s PublicArrowRightTail 
    at PublicArrowRightTail (http://localhost:4002/brain/static/js/vendors-node_modules_pnpm_ant-design_icons_5_6_1_react-dom_18_3_1_react_18_3_1__react_18_3_1_-8c4968.js:177148:21)
    at div
    at div
    at button
    at div
    at div
    at BannerSlideCard (http://localhost:4002/brain/static/js/index.js:20097:11)
    at div
    at div
    at div
    at div
    at BannerCarousel (http://localhost:4002/brain/static/js/index.js:19608:11)
    at div
    at ConnectAppsBanner (http://localhost:4002/brain/static/js/index.js:19984:11)
    at IntegrationBanner (http://localhost:4002/brain/static/js/index.js:20271:11)
    at div
    at LoginFreeChatPage (http://localhost:4002/brain/static/js/index.js:39590:67)
    at RenderedRoute (http://localhost:4002/brain/static/js/react.js:33966:5)
    at Outlet (http://localhost:4002/brain/static/js/react.js:34613:26)
    at div
    at main
    at http://localhost:4002/brain/static/js/vendors-node_modules_pnpm_ant-design_icons_5_6_1_react-dom_18_3_1_react_18_3_1__react_18_3_1_-8c4968.js:91971:18
    at Content
    at div
    at http://localhost:4002/brain/static/js/vendors-node_modules_pnpm_ant-design_icons_5_6_1_react-dom_18_3_1_react_18_3_1__react_18_3_1_-8c4968.js:91991:30
    at Layout
    at div
    at http://localhost:4002/brain/static/js/vendors-node_modules_pnpm_ant-design_icons_5_6_1_react-dom_18_3_1_react_18_3_1__react_18_3_1_-8c4968.js:91991:30
    at Layout
    at LoginFreeLayout (http://localhost:4002/brain/static/js/index.js:40114:70)
    at RenderedRoute (http://localhost:4002/brain/static/js/react.js:33966:5)
    at Outlet (http://localhost:4002/brain/static/js/react.js:34613:26)
    at div
    at LoginFreeEntry (http://localhost:4002/brain/static/js/index.js:39933:72)
    at RenderedRoute (http://localhost:4002/brain/static/js/react.js:33966:5)
    at Outlet (http://localhost:4002/brain/static/js/react.js:34613:26)
    at RootWrapper (http://localhost:4002/brain/static/js/index.js:112272:71)
    at RenderedRoute (http://localhost:4002/brain/static/js/react.js:33966:5)
    at RenderErrorBoundary (http://localhost:4002/brain/static/js/react.js:33913:5)
    at DataRoutes (http://localhost:4002/brain/static/js/react.js:32532:5)
    at Router (http://localhost:4002/brain/static/js/react.js:34634:15)
    at RouterProvider (http://localhost:4002/brain/static/js/react.js:32315:5)
    at MotionWrapper (http://localhost:4002/brain/static/js/vendors-node_modules_pnpm_ant-design_icons_5_6_1_react-dom_18_3_1_react_18_3_1__react_18_3_1_-8c4968.js:80643:47)
    at ProviderChildren (http://localhost:4002/brain/static/js/vendors-node_modules_pnpm_ant-design_icons_5_6_1_react-dom_18_3_1_react_18_3_1__react_18_3_1_-8c4968.js:81259:5)
    at ConfigProvider (http://localhost:4002/brain/static/js/vendors-node_modules_pnpm_ant-design_icons_5_6_1_react-dom_18_3_1_react_18_3_1__react_18_3_1_-8c4968.js:81561:42)
    at EnhancedConfigProvider (http://localhost:4002/brain/static/js/index.js:118915:11)
    at ThemeProvider (http://localhost:4002/brain/static/js/index.js:119038:11)
    at App (http://localhost:4002/brain/static/js/index.js:13995:75) @ http://localhost:4002/brain/static/js/react.js:146
[    1239ms] [ERROR] Warning: [antd: Modal] `destroyOnClose` is deprecated. Please use `destroyOnHidden` instead. @ http://localhost:4002/brain/static/js/vendors-node_modules_pnpm_ant-design_icons_5_6_1_react-dom_18_3_1_react_18_3_1__react_18_3_1_-8c4968.js:224001
[    1241ms] [ERROR] Error: [@formatjs/intl Error MISSING_TRANSLATION] Missing message: "login_common_login" for locale "ja-JP", using id as fallback.

    at new MissingTranslationError (http://localhost:4002/brain/static/js/vendors-node_modules_pnpm_ant-design_icons_5_6_1_react-dom_18_3_1_react_18_3_1__react_18_3_1_-8c4968.js:34068:28)
    at formatMessage (http://localhost:4002/brain/static/js/vendors-node_modules_pnpm_ant-design_icons_5_6_1_react-dom_18_3_1_react_18_3_1__react_18_3_1_-8c4968.js:34234:21)
    at formatMessage (http://localhost:4002/brain/static/js/react.js:30956:64)
    at LoginConnectingDialog (http://localhost:4002/brain/static/js/index.js:39349:75)
    at renderWithHooks (http://localhost:4002/brain/static/js/react.js:15547:18)
    at mountIndeterminateComponent (http://localhost:4002/brain/static/js/react.js:20159:13)
    at beginWork (http://localhost:4002/brain/static/js/react.js:21682:16)
    at beginWork$1 (http://localhost:4002/brain/static/js/react.js:27521:14)
    at performUnitOfWork (http://localhost:4002/brain/static/js/react.js:26652:12)
    at workLoopSync (http://localhost:4002/brain/static/js/react.js:26561:5) @ http://localhost:4002/brain/static/js/vendors-node_modules_pnpm_ant-design_icons_5_6_1_react-dom_18_3_1_react_18_3_1__react_18_3_1_-8c4968.js:34451
[    1244ms] [ERROR] Warning: findDOMNode is deprecated and will be removed in the next major release. Instead, add a ref directly to the element you want to reference. Learn more about using refs safely here: https://reactjs.org/link/strict-mode-find-node%s 
    at SingleObserver (http://localhost:4002/brain/static/js/vendors-node_modules_pnpm_ant-design_icons_5_6_1_react-dom_18_3_1_react_18_3_1__react_18_3_1_-8c4968.js:206902:24)
    at ResizeObserver (http://localhost:4002/brain/static/js/vendors-node_modules_pnpm_ant-design_icons_5_6_1_react-dom_18_3_1_react_18_3_1__react_18_3_1_-8c4968.js:207034:24)
    at http://localhost:4002/brain/static/js/vendors-node_modules_pnpm_ant-design_icons_5_6_1_react-dom_18_3_1_react_18_3_1__react_18_3_1_-8c4968.js:40649:34
    at Dropdown (http://localhost:4002/brain/static/js/vendors-node_modules_pnpm_ant-design_icons_5_6_1_react-dom_18_3_1_react_18_3_1__react_18_3_1_-8c4968.js:187712:28)
    at Dropdown (http://localhost:4002/brain/static/js/vendors-node_modules_pnpm_ant-design_icons_5_6_1_react-dom_18_3_1_react_18_3_1__react_18_3_1_-8c4968.js:84760:5)
    at DropDownUpload (http://localhost:4002/brain/static/js/index.js:287882:11)
    at div
    at div
    at http://localhost:4002/brain/static/js/vendors-node_modules_pnpm_ant-design_icons_5_6_1_react-dom_18_3_1_react_18_3_1__react_18_3_1_-8c4968.js:85685:18
    at div
    at ChatComposerActions (http://localhost:4002/brain/static/js/index.js:288453:11)
    at div
    at ChatComposer (http://localhost:4002/brain/static/js/index.js:289097:13)
    at div
    at div
    at div
    at BorderBeam (http://localhost:4002/brain/static/js/index.js:286810:11)
    at div
    at div
    at BottomBreathingGlow (http://localhost:4002/brain/static/js/index.js:287797:11)
    at div
    at div
    at ChatFrame (http://localhost:4002/brain/static/js/index.js:289467:11)
    at div
    at div
    at NormalChatLayout (http://localhost:4002/brain/static/js/index.js:300069:11)
    at Layout (http://localhost:4002/brain/static/js/index.js:301082:11)
    at div
    at LoginFreeChatPage (http://localhost:4002/brain/static/js/index.js:39590:67)
    at RenderedRoute (http://localhost:4002/brain/static/js/react.js:33966:5)
    at Outlet (http://localhost:4002/brain/static/js/react.js:34613:26)
    at div
    at main
    at http://localhost:4002/brain/static/js/vendors-node_modules_pnpm_ant-design_icons_5_6_1_react-dom_18_3_1_react_18_3_1__react_18_3_1_-8c4968.js:91971:18
    at Content
    at div
    at http://localhost:4002/brain/static/js/vendors-node_modules_pnpm_ant-design_icons_5_6_1_react-dom_18_3_1_react_18_3_1__react_18_3_1_-8c4968.js:91991:30
    at Layout
    at div
    at http://localhost:4002/brain/static/js/vendors-node_modules_pnpm_ant-design_icons_5_6_1_react-dom_18_3_1_react_18_3_1__react_18_3_1_-8c4968.js:91991:30
    at Layout
    at LoginFreeLayout (http://localhost:4002/brain/static/js/index.js:40114:70)
    at RenderedRoute (http://localhost:4002/brain/static/js/react.js:33966:5)
    at Outlet (http://localhost:4002/brain/static/js/react.js:34613:26)
    at div
    at LoginFreeEntry (http://localhost:4002/brain/static/js/index.js:39933:72)
    at RenderedRoute (http://localhost:4002/brain/static/js/react.js:33966:5)
    at Outlet (http://localhost:4002/brain/static/js/react.js:34613:26)
    at RootWrapper (http://localhost:4002/brain/static/js/index.js:112272:71)
    at RenderedRoute (http://localhost:4002/brain/static/js/react.js:33966:5)
    at RenderErrorBoundary (http://localhost:4002/brain/static/js/react.js:33913:5)
    at DataRoutes (http://localhost:4002/brain/static/js/react.js:32532:5)
    at Router (http://localhost:4002/brain/static/js/react.js:34634:15)
    at RouterProvider (http://localhost:4002/brain/static/js/react.js:32315:5)
    at MotionWrapper (http://localhost:4002/brain/static/js/vendors-node_modules_pnpm_ant-design_icons_5_6_1_react-dom_18_3_1_react_18_3_1__react_18_3_1_-8c4968.js:80643:47)
    at ProviderChildren (http://localhost:4002/brain/static/js/vendors-node_modules_pnpm_ant-design_icons_5_6_1_react-dom_18_3_1_react_18_3_1__react_18_3_1_-8c4968.js:81259:5)
    at ConfigProvider (http://localhost:4002/brain/static/js/vendors-node_modules_pnpm_ant-design_icons_5_6_1_react-dom_18_3_1_react_18_3_1__react_18_3_1_-8c4968.js:81561:42)
    at EnhancedConfigProvider (http://localhost:4002/brain/static/js/index.js:118915:11)
    at ThemeProvider (http://localhost:4002/brain/static/js/index.js:119038:11)
    at App (http://localhost:4002/brain/static/js/index.js:13995:75) @ http://localhost:4002/brain/static/js/react.js:146
[    1258ms] [LOG] [PPT Export] Setting up WebSocket listeners @ http://localhost:4002/brain/static/js/vendors-node_modules_pnpm_ant-design_icons_5_6_1_react-dom_18_3_1_react_18_3_1__react_18_3_1_-8c4968.js:251759
[    1259ms] [LOG] [PPT Export] WebSocket listeners set up successfully @ http://localhost:4002/brain/static/js/vendors-node_modules_pnpm_ant-design_icons_5_6_1_react-dom_18_3_1_react_18_3_1__react_18_3_1_-8c4968.js:251759
[    1259ms] [LOG] [Image Export] Setting up WebSocket listener @ http://localhost:4002/brain/static/js/vendors-node_modules_pnpm_ant-design_icons_5_6_1_react-dom_18_3_1_react_18_3_1__react_18_3_1_-8c4968.js:251759
[    1259ms] [LOG] [Image Export] WebSocket listener set up successfully @ http://localhost:4002/brain/static/js/vendors-node_modules_pnpm_ant-design_icons_5_6_1_react-dom_18_3_1_react_18_3_1__react_18_3_1_-8c4968.js:251759
[    1260ms] [ERROR] Error: [@formatjs/intl Error MISSING_TRANSLATION] Missing message: "smart_bar_layout_welcome" for locale "ja-JP", using id as fallback.

    at new MissingTranslationError (http://localhost:4002/brain/static/js/vendors-node_modules_pnpm_ant-design_icons_5_6_1_react-dom_18_3_1_react_18_3_1__react_18_3_1_-8c4968.js:34068:28)
    at formatMessage (http://localhost:4002/brain/static/js/vendors-node_modules_pnpm_ant-design_icons_5_6_1_react-dom_18_3_1_react_18_3_1__react_18_3_1_-8c4968.js:34234:21)
    at formatMessage (http://localhost:4002/brain/static/js/react.js:30956:64)
    at WelcomeBannerText (http://localhost:4002/brain/static/js/index.js:298396:72)
    at renderWithHooks (http://localhost:4002/brain/static/js/react.js:15547:18)
    at updateFunctionComponent (http://localhost:4002/brain/static/js/react.js:19673:20)
    at beginWork (http://localhost:4002/brain/static/js/react.js:21696:16)
    at beginWork$1 (http://localhost:4002/brain/static/js/react.js:27521:14)
    at performUnitOfWork (http://localhost:4002/brain/static/js/react.js:26652:12)
    at workLoopSync (http://localhost:4002/brain/static/js/react.js:26561:5) @ http://localhost:4002/brain/static/js/vendors-node_modules_pnpm_ant-design_icons_5_6_1_react-dom_18_3_1_react_18_3_1__react_18_3_1_-8c4968.js:34451
[    1261ms] [ERROR] Error: [@formatjs/intl Error MISSING_TRANSLATION] Missing message: "smart_bar_chat_frame_placeholder_mention_disabled" for locale "ja-JP", using id as fallback.

    at new MissingTranslationError (http://localhost:4002/brain/static/js/vendors-node_modules_pnpm_ant-design_icons_5_6_1_react-dom_18_3_1_react_18_3_1__react_18_3_1_-8c4968.js:34068:28)
    at formatMessage (http://localhost:4002/brain/static/js/vendors-node_modules_pnpm_ant-design_icons_5_6_1_react-dom_18_3_1_react_18_3_1__react_18_3_1_-8c4968.js:34234:21)
    at formatMessage (http://localhost:4002/brain/static/js/react.js:30956:64)
    at http://localhost:4002/brain/static/js/index.js:289503:66
    at updateMemo (http://localhost:4002/brain/static/js/react.js:16488:19)
    at Object.useMemo (http://localhost:4002/brain/static/js/react.js:17128:16)
    at useMemo (http://localhost:4002/brain/static/js/react.js:41833:21)
    at ChatFrame (http://localhost:4002/brain/static/js/index.js:289486:59)
    at renderWithHooks (http://localhost:4002/brain/static/js/react.js:15547:18)
    at updateFunctionComponent (http://localhost:4002/brain/static/js/react.js:19673:20) @ http://localhost:4002/brain/static/js/vendors-node_modules_pnpm_ant-design_icons_5_6_1_react-dom_18_3_1_react_18_3_1__react_18_3_1_-8c4968.js:34451
[    1261ms] [ERROR] Error: [@formatjs/intl Error MISSING_TRANSLATION] Missing message: "smart_bar_mention_input_placeholder" for locale "ja-JP", using id as fallback.

    at new MissingTranslationError (http://localhost:4002/brain/static/js/vendors-node_modules_pnpm_ant-design_icons_5_6_1_react-dom_18_3_1_react_18_3_1__react_18_3_1_-8c4968.js:34068:28)
    at formatMessage (http://localhost:4002/brain/static/js/vendors-node_modules_pnpm_ant-design_icons_5_6_1_react-dom_18_3_1_react_18_3_1__react_18_3_1_-8c4968.js:34234:21)
    at formatMessage (http://localhost:4002/brain/static/js/react.js:30956:64)
    at http://localhost:4002/brain/static/js/index.js:295482:126
    at updateMemo (http://localhost:4002/brain/static/js/react.js:16488:19)
    at Object.useMemo (http://localhost:4002/brain/static/js/react.js:17128:16)
    at useMemo (http://localhost:4002/brain/static/js/react.js:41833:21)
    at http://localhost:4002/brain/static/js/index.js:295482:71
    at renderWithHooks (http://localhost:4002/brain/static/js/react.js:15547:18)
    at updateForwardRef (http://localhost:4002/brain/static/js/react.js:19301:20) @ http://localhost:4002/brain/static/js/vendors-node_modules_pnpm_ant-design_icons_5_6_1_react-dom_18_3_1_react_18_3_1__react_18_3_1_-8c4968.js:34451
[    1261ms] [ERROR] Error: [@formatjs/intl Error MISSING_TRANSLATION] Missing message: "smart_bar_chat_composer_web_search_tooltip" for locale "ja-JP", using id as fallback.

    at new MissingTranslationError (http://localhost:4002/brain/static/js/vendors-node_modules_pnpm_ant-design_icons_5_6_1_react-dom_18_3_1_react_18_3_1__react_18_3_1_-8c4968.js:34068:28)
    at formatMessage (http://localhost:4002/brain/static/js/vendors-node_modules_pnpm_ant-design_icons_5_6_1_react-dom_18_3_1_react_18_3_1__react_18_3_1_-8c4968.js:34234:21)
    at formatMessage (http://localhost:4002/brain/static/js/react.js:30956:64)
    at ChatComposerActions (http://localhost:4002/brain/static/js/index.js:288573:83)
    at renderWithHooks (http://localhost:4002/brain/static/js/react.js:15547:18)
    at updateFunctionComponent (http://localhost:4002/brain/static/js/react.js:19673:20)
    at beginWork (http://localhost:4002/brain/static/js/react.js:21696:16)
    at beginWork$1 (http://localhost:4002/brain/static/js/react.js:27521:14)
    at performUnitOfWork (http://localhost:4002/brain/static/js/react.js:26652:12)
    at workLoopSync (http://localhost:4002/brain/static/js/react.js:26561:5) @ http://localhost:4002/brain/static/js/vendors-node_modules_pnpm_ant-design_icons_5_6_1_react-dom_18_3_1_react_18_3_1__react_18_3_1_-8c4968.js:34451
[    1262ms] [ERROR] Error: [@formatjs/intl Error MISSING_TRANSLATION] Missing message: "smart_bar_chat_composer_temp_file_upload" for locale "ja-JP", using id as fallback.

    at new MissingTranslationError (http://localhost:4002/brain/static/js/vendors-node_modules_pnpm_ant-design_icons_5_6_1_react-dom_18_3_1_react_18_3_1__react_18_3_1_-8c4968.js:34068:28)
    at formatMessage (http://localhost:4002/brain/static/js/vendors-node_modules_pnpm_ant-design_icons_5_6_1_react-dom_18_3_1_react_18_3_1__react_18_3_1_-8c4968.js:34234:21)
    at formatMessage (http://localhost:4002/brain/static/js/react.js:30956:64)
    at createDropdownUploadItems (http://localhost:4002/brain/static/js/index.js:288174:92)
    at http://localhost:4002/brain/static/js/index.js:287990:112
    at updateMemo (http://localhost:4002/brain/static/js/react.js:16488:19)
    at Object.useMemo (http://localhost:4002/brain/static/js/react.js:17128:16)
    at useMemo (http://localhost:4002/brain/static/js/react.js:41833:21)
    at DropDownUpload (http://localhost:4002/brain/static/js/index.js:287990:53)
    at renderWithHooks (http://localhost:4002/brain/static/js/react.js:15547:18) @ http://localhost:4002/brain/static/js/vendors-node_modules_pnpm_ant-design_icons_5_6_1_react-dom_18_3_1_react_18_3_1__react_18_3_1_-8c4968.js:34451
[    1262ms] [ERROR] Error: [@formatjs/intl Error MISSING_TRANSLATION] Missing message: "smart_bar_chat_composer_box_file_upload" for locale "ja-JP", using id as fallback.

    at new MissingTranslationError (http://localhost:4002/brain/static/js/vendors-node_modules_pnpm_ant-design_icons_5_6_1_react-dom_18_3_1_react_18_3_1__react_18_3_1_-8c4968.js:34068:28)
    at formatMessage (http://localhost:4002/brain/static/js/vendors-node_modules_pnpm_ant-design_icons_5_6_1_react-dom_18_3_1_react_18_3_1__react_18_3_1_-8c4968.js:34234:21)
    at formatMessage (http://localhost:4002/brain/static/js/react.js:30956:64)
    at createDropdownUploadItems (http://localhost:4002/brain/static/js/index.js:288214:70)
    at http://localhost:4002/brain/static/js/index.js:287990:112
    at updateMemo (http://localhost:4002/brain/static/js/react.js:16488:19)
    at Object.useMemo (http://localhost:4002/brain/static/js/react.js:17128:16)
    at useMemo (http://localhost:4002/brain/static/js/react.js:41833:21)
    at DropDownUpload (http://localhost:4002/brain/static/js/index.js:287990:53)
    at renderWithHooks (http://localhost:4002/brain/static/js/react.js:15547:18) @ http://localhost:4002/brain/static/js/vendors-node_modules_pnpm_ant-design_icons_5_6_1_react-dom_18_3_1_react_18_3_1__react_18_3_1_-8c4968.js:34451
[    1262ms] [ERROR] Error: [@formatjs/intl Error MISSING_TRANSLATION] Missing message: "smart_bar_chat_composer_manage_connectors" for locale "ja-JP", using id as fallback.

    at new MissingTranslationError (http://localhost:4002/brain/static/js/vendors-node_modules_pnpm_ant-design_icons_5_6_1_react-dom_18_3_1_react_18_3_1__react_18_3_1_-8c4968.js:34068:28)
    at formatMessage (http://localhost:4002/brain/static/js/vendors-node_modules_pnpm_ant-design_icons_5_6_1_react-dom_18_3_1_react_18_3_1__react_18_3_1_-8c4968.js:34234:21)
    at formatMessage (http://localhost:4002/brain/static/js/react.js:30956:64)
    at createDropdownUploadItems (http://localhost:4002/brain/static/js/index.js:288376:80)
    at http://localhost:4002/brain/static/js/index.js:287990:112
    at updateMemo (http://localhost:4002/brain/static/js/react.js:16488:19)
    at Object.useMemo (http://localhost:4002/brain/static/js/react.js:17128:16)
    at useMemo (http://localhost:4002/brain/static/js/react.js:41833:21)
    at DropDownUpload (http://localhost:4002/brain/static/js/index.js:287990:53)
    at renderWithHooks (http://localhost:4002/brain/static/js/react.js:15547:18) @ http://localhost:4002/brain/static/js/vendors-node_modules_pnpm_ant-design_icons_5_6_1_react-dom_18_3_1_react_18_3_1__react_18_3_1_-8c4968.js:34451
[    1262ms] [ERROR] Error: [@formatjs/intl Error MISSING_TRANSLATION] Missing message: "smart_bar_personalization_option_tooltip_professional" for locale "ja-JP", using id as fallback.

    at new MissingTranslationError (http://localhost:4002/brain/static/js/vendors-node_modules_pnpm_ant-design_icons_5_6_1_react-dom_18_3_1_react_18_3_1__react_18_3_1_-8c4968.js:34068:28)
    at formatMessage (http://localhost:4002/brain/static/js/vendors-node_modules_pnpm_ant-design_icons_5_6_1_react-dom_18_3_1_react_18_3_1__react_18_3_1_-8c4968.js:34234:21)
    at formatMessage (http://localhost:4002/brain/static/js/react.js:30956:64)
    at http://localhost:4002/brain/static/js/index.js:291787:79
    at Array.map (<anonymous>)
    at http://localhost:4002/brain/static/js/index.js:291782:11
    at updateMemo (http://localhost:4002/brain/static/js/react.js:16488:19)
    at Object.useMemo (http://localhost:4002/brain/static/js/react.js:17128:16)
    at useMemo (http://localhost:4002/brain/static/js/react.js:41833:21)
    at PersonalizationAction (http://localhost:4002/brain/static/js/index.js:291774:53) @ http://localhost:4002/brain/static/js/vendors-node_modules_pnpm_ant-design_icons_5_6_1_react-dom_18_3_1_react_18_3_1__react_18_3_1_-8c4968.js:34451
[    1262ms] [ERROR] Error: [@formatjs/intl Error MISSING_TRANSLATION] Missing message: "smart_bar_personalization_item_professional" for locale "ja-JP", using id as fallback.

    at new MissingTranslationError (http://localhost:4002/brain/static/js/vendors-node_modules_pnpm_ant-design_icons_5_6_1_react-dom_18_3_1_react_18_3_1__react_18_3_1_-8c4968.js:34068:28)
    at formatMessage (http://localhost:4002/brain/static/js/vendors-node_modules_pnpm_ant-design_icons_5_6_1_react-dom_18_3_1_react_18_3_1__react_18_3_1_-8c4968.js:34234:21)
    at formatMessage (http://localhost:4002/brain/static/js/react.js:30956:64)
    at http://localhost:4002/brain/static/js/index.js:291805:80
    at Array.map (<anonymous>)
    at http://localhost:4002/brain/static/js/index.js:291782:11
    at updateMemo (http://localhost:4002/brain/static/js/react.js:16488:19)
    at Object.useMemo (http://localhost:4002/brain/static/js/react.js:17128:16)
    at useMemo (http://localhost:4002/brain/static/js/react.js:41833:21)
    at PersonalizationAction (http://localhost:4002/brain/static/js/index.js:291774:53) @ http://localhost:4002/brain/static/js/vendors-node_modules_pnpm_ant-design_icons_5_6_1_react-dom_18_3_1_react_18_3_1__react_18_3_1_-8c4968.js:34451
[    1263ms] [ERROR] Error: [@formatjs/intl Error MISSING_TRANSLATION] Missing message: "smart_bar_personalization_option_tooltip_concise" for locale "ja-JP", using id as fallback.

    at new MissingTranslationError (http://localhost:4002/brain/static/js/vendors-node_modules_pnpm_ant-design_icons_5_6_1_react-dom_18_3_1_react_18_3_1__react_18_3_1_-8c4968.js:34068:28)
    at formatMessage (http://localhost:4002/brain/static/js/vendors-node_modules_pnpm_ant-design_icons_5_6_1_react-dom_18_3_1_react_18_3_1__react_18_3_1_-8c4968.js:34234:21)
    at formatMessage (http://localhost:4002/brain/static/js/react.js:30956:64)
    at http://localhost:4002/brain/static/js/index.js:291787:79
    at Array.map (<anonymous>)
    at http://localhost:4002/brain/static/js/index.js:291782:11
    at updateMemo (http://localhost:4002/brain/static/js/react.js:16488:19)
    at Object.useMemo (http://localhost:4002/brain/static/js/react.js:17128:16)
    at useMemo (http://localhost:4002/brain/static/js/react.js:41833:21)
    at PersonalizationAction (http://localhost:4002/brain/static/js/index.js:291774:53) @ http://localhost:4002/brain/static/js/vendors-node_modules_pnpm_ant-design_icons_5_6_1_react-dom_18_3_1_react_18_3_1__react_18_3_1_-8c4968.js:34451
[    1263ms] [ERROR] Error: [@formatjs/intl Error MISSING_TRANSLATION] Missing message: "smart_bar_personalization_item_concise" for locale "ja-JP", using id as fallback.

    at new MissingTranslationError (http://localhost:4002/brain/static/js/vendors-node_modules_pnpm_ant-design_icons_5_6_1_react-dom_18_3_1_react_18_3_1__react_18_3_1_-8c4968.js:34068:28)
    at formatMessage (http://localhost:4002/brain/static/js/vendors-node_modules_pnpm_ant-design_icons_5_6_1_react-dom_18_3_1_react_18_3_1__react_18_3_1_-8c4968.js:34234:21)
    at formatMessage (http://localhost:4002/brain/static/js/react.js:30956:64)
    at http://localhost:4002/brain/static/js/index.js:291805:80
    at Array.map (<anonymous>)
    at http://localhost:4002/brain/static/js/index.js:291782:11
    at updateMemo (http://localhost:4002/brain/static/js/react.js:16488:19)
    at Object.useMemo (http://localhost:4002/brain/static/js/react.js:17128:16)
    at useMemo (http://localhost:4002/brain/static/js/react.js:41833:21)
    at PersonalizationAction (http://localhost:4002/brain/static/js/index.js:291774:53) @ http://localhost:4002/brain/static/js/vendors-node_modules_pnpm_ant-design_icons_5_6_1_react-dom_18_3_1_react_18_3_1__react_18_3_1_-8c4968.js:34451
[    1263ms] [ERROR] Error: [@formatjs/intl Error MISSING_TRANSLATION] Missing message: "smart_bar_personalization_option_tooltip_casual" for locale "ja-JP", using id as fallback.

    at new MissingTranslationError (http://localhost:4002/brain/static/js/vendors-node_modules_pnpm_ant-design_icons_5_6_1_react-dom_18_3_1_react_18_3_1__react_18_3_1_-8c4968.js:34068:28)
    at formatMessage (http://localhost:4002/brain/static/js/vendors-node_modules_pnpm_ant-design_icons_5_6_1_react-dom_18_3_1_react_18_3_1__react_18_3_1_-8c4968.js:34234:21)
    at formatMessage (http://localhost:4002/brain/static/js/react.js:30956:64)
    at http://localhost:4002/brain/static/js/index.js:291787:79
    at Array.map (<anonymous>)
    at http://localhost:4002/brain/static/js/index.js:291782:11
    at updateMemo (http://localhost:4002/brain/static/js/react.js:16488:19)
    at Object.useMemo (http://localhost:4002/brain/static/js/react.js:17128:16)
    at useMemo (http://localhost:4002/brain/static/js/react.js:41833:21)
    at PersonalizationAction (http://localhost:4002/brain/static/js/index.js:291774:53) @ http://localhost:4002/brain/static/js/vendors-node_modules_pnpm_ant-design_icons_5_6_1_react-dom_18_3_1_react_18_3_1__react_18_3_1_-8c4968.js:34451
[    1263ms] [ERROR] Error: [@formatjs/intl Error MISSING_TRANSLATION] Missing message: "smart_bar_personalization_item_casual" for locale "ja-JP", using id as fallback.

    at new MissingTranslationError (http://localhost:4002/brain/static/js/vendors-node_modules_pnpm_ant-design_icons_5_6_1_react-dom_18_3_1_react_18_3_1__react_18_3_1_-8c4968.js:34068:28)
    at formatMessage (http://localhost:4002/brain/static/js/vendors-node_modules_pnpm_ant-design_icons_5_6_1_react-dom_18_3_1_react_18_3_1__react_18_3_1_-8c4968.js:34234:21)
    at formatMessage (http://localhost:4002/brain/static/js/react.js:30956:64)
    at http://localhost:4002/brain/static/js/index.js:291805:80
    at Array.map (<anonymous>)
    at http://localhost:4002/brain/static/js/index.js:291782:11
    at updateMemo (http://localhost:4002/brain/static/js/react.js:16488:19)
    at Object.useMemo (http://localhost:4002/brain/static/js/react.js:17128:16)
    at useMemo (http://localhost:4002/brain/static/js/react.js:41833:21)
    at PersonalizationAction (http://localhost:4002/brain/static/js/index.js:291774:53) @ http://localhost:4002/brain/static/js/vendors-node_modules_pnpm_ant-design_icons_5_6_1_react-dom_18_3_1_react_18_3_1__react_18_3_1_-8c4968.js:34451
[    1263ms] [ERROR] Error: [@formatjs/intl Error MISSING_TRANSLATION] Missing message: "smart_bar_personalization_option_tooltip_objective" for locale "ja-JP", using id as fallback.

    at new MissingTranslationError (http://localhost:4002/brain/static/js/vendors-node_modules_pnpm_ant-design_icons_5_6_1_react-dom_18_3_1_react_18_3_1__react_18_3_1_-8c4968.js:34068:28)
    at formatMessage (http://localhost:4002/brain/static/js/vendors-node_modules_pnpm_ant-design_icons_5_6_1_react-dom_18_3_1_react_18_3_1__react_18_3_1_-8c4968.js:34234:21)
    at formatMessage (http://localhost:4002/brain/static/js/react.js:30956:64)
    at http://localhost:4002/brain/static/js/index.js:291787:79
    at Array.map (<anonymous>)
    at http://localhost:4002/brain/static/js/index.js:291782:11
    at updateMemo (http://localhost:4002/brain/static/js/react.js:16488:19)
    at Object.useMemo (http://localhost:4002/brain/static/js/react.js:17128:16)
    at useMemo (http://localhost:4002/brain/static/js/react.js:41833:21)
    at PersonalizationAction (http://localhost:4002/brain/static/js/index.js:291774:53) @ http://localhost:4002/brain/static/js/vendors-node_modules_pnpm_ant-design_icons_5_6_1_react-dom_18_3_1_react_18_3_1__react_18_3_1_-8c4968.js:34451
[    1263ms] [ERROR] Error: [@formatjs/intl Error MISSING_TRANSLATION] Missing message: "smart_bar_personalization_item_objective" for locale "ja-JP", using id as fallback.

    at new MissingTranslationError (http://localhost:4002/brain/static/js/vendors-node_modules_pnpm_ant-design_icons_5_6_1_react-dom_18_3_1_react_18_3_1__react_18_3_1_-8c4968.js:34068:28)
    at formatMessage (http://localhost:4002/brain/static/js/vendors-node_modules_pnpm_ant-design_icons_5_6_1_react-dom_18_3_1_react_18_3_1__react_18_3_1_-8c4968.js:34234:21)
    at formatMessage (http://localhost:4002/brain/static/js/react.js:30956:64)
    at http://localhost:4002/brain/static/js/index.js:291805:80
    at Array.map (<anonymous>)
    at http://localhost:4002/brain/static/js/index.js:291782:11
    at updateMemo (http://localhost:4002/brain/static/js/react.js:16488:19)
    at Object.useMemo (http://localhost:4002/brain/static/js/react.js:17128:16)
    at useMemo (http://localhost:4002/brain/static/js/react.js:41833:21)
    at PersonalizationAction (http://localhost:4002/brain/static/js/index.js:291774:53) @ http://localhost:4002/brain/static/js/vendors-node_modules_pnpm_ant-design_icons_5_6_1_react-dom_18_3_1_react_18_3_1__react_18_3_1_-8c4968.js:34451
[    1263ms] [ERROR] Error: [@formatjs/intl Error MISSING_TRANSLATION] Missing message: "smart_bar_personalization_option_tooltip_detailed" for locale "ja-JP", using id as fallback.

    at new MissingTranslationError (http://localhost:4002/brain/static/js/vendors-node_modules_pnpm_ant-design_icons_5_6_1_react-dom_18_3_1_react_18_3_1__react_18_3_1_-8c4968.js:34068:28)
    at formatMessage (http://localhost:4002/brain/static/js/vendors-node_modules_pnpm_ant-design_icons_5_6_1_react-dom_18_3_1_react_18_3_1__react_18_3_1_-8c4968.js:34234:21)
    at formatMessage (http://localhost:4002/brain/static/js/react.js:30956:64)
    at http://localhost:4002/brain/static/js/index.js:291787:79
    at Array.map (<anonymous>)
    at http://localhost:4002/brain/static/js/index.js:291782:11
    at updateMemo (http://localhost:4002/brain/static/js/react.js:16488:19)
    at Object.useMemo (http://localhost:4002/brain/static/js/react.js:17128:16)
    at useMemo (http://localhost:4002/brain/static/js/react.js:41833:21)
    at PersonalizationAction (http://localhost:4002/brain/static/js/index.js:291774:53) @ http://localhost:4002/brain/static/js/vendors-node_modules_pnpm_ant-design_icons_5_6_1_react-dom_18_3_1_react_18_3_1__react_18_3_1_-8c4968.js:34451
[    1263ms] [ERROR] Error: [@formatjs/intl Error MISSING_TRANSLATION] Missing message: "smart_bar_personalization_item_detailed" for locale "ja-JP", using id as fallback.

    at new MissingTranslationError (http://localhost:4002/brain/static/js/vendors-node_modules_pnpm_ant-design_icons_5_6_1_react-dom_18_3_1_react_18_3_1__react_18_3_1_-8c4968.js:34068:28)
    at formatMessage (http://localhost:4002/brain/static/js/vendors-node_modules_pnpm_ant-design_icons_5_6_1_react-dom_18_3_1_react_18_3_1__react_18_3_1_-8c4968.js:34234:21)
    at formatMessage (http://localhost:4002/brain/static/js/react.js:30956:64)
    at http://localhost:4002/brain/static/js/index.js:291805:80
    at Array.map (<anonymous>)
    at http://localhost:4002/brain/static/js/index.js:291782:11
    at updateMemo (http://localhost:4002/brain/static/js/react.js:16488:19)
    at Object.useMemo (http://localhost:4002/brain/static/js/react.js:17128:16)
    at useMemo (http://localhost:4002/brain/static/js/react.js:41833:21)
    at PersonalizationAction (http://localhost:4002/brain/static/js/index.js:291774:53) @ http://localhost:4002/brain/static/js/vendors-node_modules_pnpm_ant-design_icons_5_6_1_react-dom_18_3_1_react_18_3_1__react_18_3_1_-8c4968.js:34451
[    1263ms] [ERROR] Error: [@formatjs/intl Error MISSING_TRANSLATION] Missing message: "smart_bar_personalization_option_tooltip_custom" for locale "ja-JP", using id as fallback.

    at new MissingTranslationError (http://localhost:4002/brain/static/js/vendors-node_modules_pnpm_ant-design_icons_5_6_1_react-dom_18_3_1_react_18_3_1__react_18_3_1_-8c4968.js:34068:28)
    at formatMessage (http://localhost:4002/brain/static/js/vendors-node_modules_pnpm_ant-design_icons_5_6_1_react-dom_18_3_1_react_18_3_1__react_18_3_1_-8c4968.js:34234:21)
    at formatMessage (http://localhost:4002/brain/static/js/react.js:30956:64)
    at http://localhost:4002/brain/static/js/index.js:291787:79
    at Array.map (<anonymous>)
    at http://localhost:4002/brain/static/js/index.js:291782:11
    at updateMemo (http://localhost:4002/brain/static/js/react.js:16488:19)
    at Object.useMemo (http://localhost:4002/brain/static/js/react.js:17128:16)
    at useMemo (http://localhost:4002/brain/static/js/react.js:41833:21)
    at PersonalizationAction (http://localhost:4002/brain/static/js/index.js:291774:53) @ http://localhost:4002/brain/static/js/vendors-node_modules_pnpm_ant-design_icons_5_6_1_react-dom_18_3_1_react_18_3_1__react_18_3_1_-8c4968.js:34451
[    1263ms] [ERROR] Error: [@formatjs/intl Error MISSING_TRANSLATION] Missing message: "smart_bar_personalization_item_custom" for locale "ja-JP", using id as fallback.

    at new MissingTranslationError (http://localhost:4002/brain/static/js/vendors-node_modules_pnpm_ant-design_icons_5_6_1_react-dom_18_3_1_react_18_3_1__react_18_3_1_-8c4968.js:34068:28)
    at formatMessage (http://localhost:4002/brain/static/js/vendors-node_modules_pnpm_ant-design_icons_5_6_1_react-dom_18_3_1_react_18_3_1__react_18_3_1_-8c4968.js:34234:21)
    at formatMessage (http://localhost:4002/brain/static/js/react.js:30956:64)
    at http://localhost:4002/brain/static/js/index.js:291805:80
    at Array.map (<anonymous>)
    at http://localhost:4002/brain/static/js/index.js:291782:11
    at updateMemo (http://localhost:4002/brain/static/js/react.js:16488:19)
    at Object.useMemo (http://localhost:4002/brain/static/js/react.js:17128:16)
    at useMemo (http://localhost:4002/brain/static/js/react.js:41833:21)
    at PersonalizationAction (http://localhost:4002/brain/static/js/index.js:291774:53) @ http://localhost:4002/brain/static/js/vendors-node_modules_pnpm_ant-design_icons_5_6_1_react-dom_18_3_1_react_18_3_1__react_18_3_1_-8c4968.js:34451
[    1263ms] [ERROR] Error: [@formatjs/intl Error MISSING_TRANSLATION] Missing message: "smart_bar_personalization_item_setting" for locale "ja-JP", using id as fallback.

    at new MissingTranslationError (http://localhost:4002/brain/static/js/vendors-node_modules_pnpm_ant-design_icons_5_6_1_react-dom_18_3_1_react_18_3_1__react_18_3_1_-8c4968.js:34068:28)
    at formatMessage (http://localhost:4002/brain/static/js/vendors-node_modules_pnpm_ant-design_icons_5_6_1_react-dom_18_3_1_react_18_3_1__react_18_3_1_-8c4968.js:34234:21)
    at formatMessage (http://localhost:4002/brain/static/js/react.js:30956:64)
    at http://localhost:4002/brain/static/js/index.js:291834:80
    at updateMemo (http://localhost:4002/brain/static/js/react.js:16488:19)
    at Object.useMemo (http://localhost:4002/brain/static/js/react.js:17128:16)
    at useMemo (http://localhost:4002/brain/static/js/react.js:41833:21)
    at PersonalizationAction (http://localhost:4002/brain/static/js/index.js:291774:53)
    at renderWithHooks (http://localhost:4002/brain/static/js/react.js:15547:18)
    at updateFunctionComponent (http://localhost:4002/brain/static/js/react.js:19673:20) @ http://localhost:4002/brain/static/js/vendors-node_modules_pnpm_ant-design_icons_5_6_1_react-dom_18_3_1_react_18_3_1__react_18_3_1_-8c4968.js:34451
[    1263ms] [ERROR] Error: [@formatjs/intl Error MISSING_TRANSLATION] Missing message: "smart_bar_personalization_switch_tooltip_defatul_title" for locale "ja-JP", using id as fallback.

    at new MissingTranslationError (http://localhost:4002/brain/static/js/vendors-node_modules_pnpm_ant-design_icons_5_6_1_react-dom_18_3_1_react_18_3_1__react_18_3_1_-8c4968.js:34068:28)
    at formatMessage (http://localhost:4002/brain/static/js/vendors-node_modules_pnpm_ant-design_icons_5_6_1_react-dom_18_3_1_react_18_3_1__react_18_3_1_-8c4968.js:34234:21)
    at formatMessage (http://localhost:4002/brain/static/js/react.js:30956:64)
    at PersonalizationAction (http://localhost:4002/brain/static/js/index.js:291970:95)
    at renderWithHooks (http://localhost:4002/brain/static/js/react.js:15547:18)
    at updateFunctionComponent (http://localhost:4002/brain/static/js/react.js:19673:20)
    at beginWork (http://localhost:4002/brain/static/js/react.js:21696:16)
    at beginWork$1 (http://localhost:4002/brain/static/js/react.js:27521:14)
    at performUnitOfWork (http://localhost:4002/brain/static/js/react.js:26652:12)
    at workLoopSync (http://localhost:4002/brain/static/js/react.js:26561:5) @ http://localhost:4002/brain/static/js/vendors-node_modules_pnpm_ant-design_icons_5_6_1_react-dom_18_3_1_react_18_3_1__react_18_3_1_-8c4968.js:34451
[    1264ms] [ERROR] Error: [@formatjs/intl Error MISSING_TRANSLATION] Missing message: "smart_bar_schedule_fill_prompt_placeholder" for locale "ja-JP", using id as fallback.

    at new MissingTranslationError (http://localhost:4002/brain/static/js/vendors-node_modules_pnpm_ant-design_icons_5_6_1_react-dom_18_3_1_react_18_3_1__react_18_3_1_-8c4968.js:34068:28)
    at formatMessage (http://localhost:4002/brain/static/js/vendors-node_modules_pnpm_ant-design_icons_5_6_1_react-dom_18_3_1_react_18_3_1__react_18_3_1_-8c4968.js:34234:21)
    at formatMessage (http://localhost:4002/brain/static/js/react.js:30956:64)
    at useFeatureRecommend (http://localhost:4002/brain/static/js/index.js:309905:76)
    at StartModules (http://localhost:4002/brain/static/js/index.js:297712:87)
    at renderWithHooks (http://localhost:4002/brain/static/js/react.js:15547:18)
    at updateFunctionComponent (http://localhost:4002/brain/static/js/react.js:19673:20)
    at beginWork (http://localhost:4002/brain/static/js/react.js:21696:16)
    at beginWork$1 (http://localhost:4002/brain/static/js/react.js:27521:14)
    at performUnitOfWork (http://localhost:4002/brain/static/js/react.js:26652:12) @ http://localhost:4002/brain/static/js/vendors-node_modules_pnpm_ant-design_icons_5_6_1_react-dom_18_3_1_react_18_3_1__react_18_3_1_-8c4968.js:34451
[    1264ms] [ERROR] Error: [@formatjs/intl Error MISSING_TRANSLATION] Missing message: "smart_bar_feature_card_schedule_title" for locale "ja-JP", using id as fallback.

    at new MissingTranslationError (http://localhost:4002/brain/static/js/vendors-node_modules_pnpm_ant-design_icons_5_6_1_react-dom_18_3_1_react_18_3_1__react_18_3_1_-8c4968.js:34068:28)
    at formatMessage (http://localhost:4002/brain/static/js/vendors-node_modules_pnpm_ant-design_icons_5_6_1_react-dom_18_3_1_react_18_3_1__react_18_3_1_-8c4968.js:34234:21)
    at formatMessage (http://localhost:4002/brain/static/js/react.js:30956:64)
    at useFeatureRecommend (http://localhost:4002/brain/static/js/index.js:309913:70)
    at StartModules (http://localhost:4002/brain/static/js/index.js:297712:87)
    at renderWithHooks (http://localhost:4002/brain/static/js/react.js:15547:18)
    at updateFunctionComponent (http://localhost:4002/brain/static/js/react.js:19673:20)
    at beginWork (http://localhost:4002/brain/static/js/react.js:21696:16)
    at beginWork$1 (http://localhost:4002/brain/static/js/react.js:27521:14)
    at performUnitOfWork (http://localhost:4002/brain/static/js/react.js:26652:12) @ http://localhost:4002/brain/static/js/vendors-node_modules_pnpm_ant-design_icons_5_6_1_react-dom_18_3_1_react_18_3_1__react_18_3_1_-8c4968.js:34451
[    1264ms] [ERROR] Error: [@formatjs/intl Error MISSING_TRANSLATION] Missing message: "smart_bar_feature_card_schedule_description" for locale "ja-JP", using id as fallback.

    at new MissingTranslationError (http://localhost:4002/brain/static/js/vendors-node_modules_pnpm_ant-design_icons_5_6_1_react-dom_18_3_1_react_18_3_1__react_18_3_1_-8c4968.js:34068:28)
    at formatMessage (http://localhost:4002/brain/static/js/vendors-node_modules_pnpm_ant-design_icons_5_6_1_react-dom_18_3_1_react_18_3_1__react_18_3_1_-8c4968.js:34234:21)
    at formatMessage (http://localhost:4002/brain/static/js/react.js:30956:64)
    at useFeatureRecommend (http://localhost:4002/brain/static/js/index.js:309916:76)
    at StartModules (http://localhost:4002/brain/static/js/index.js:297712:87)
    at renderWithHooks (http://localhost:4002/brain/static/js/react.js:15547:18)
    at updateFunctionComponent (http://localhost:4002/brain/static/js/react.js:19673:20)
    at beginWork (http://localhost:4002/brain/static/js/react.js:21696:16)
    at beginWork$1 (http://localhost:4002/brain/static/js/react.js:27521:14)
    at performUnitOfWork (http://localhost:4002/brain/static/js/react.js:26652:12) @ http://localhost:4002/brain/static/js/vendors-node_modules_pnpm_ant-design_icons_5_6_1_react-dom_18_3_1_react_18_3_1__react_18_3_1_-8c4968.js:34451
[    1264ms] [ERROR] Error: [@formatjs/intl Error MISSING_TRANSLATION] Missing message: "smart_bar_template_fill_prompt_placeholder" for locale "ja-JP", using id as fallback.

    at new MissingTranslationError (http://localhost:4002/brain/static/js/vendors-node_modules_pnpm_ant-design_icons_5_6_1_react-dom_18_3_1_react_18_3_1__react_18_3_1_-8c4968.js:34068:28)
    at formatMessage (http://localhost:4002/brain/static/js/vendors-node_modules_pnpm_ant-design_icons_5_6_1_react-dom_18_3_1_react_18_3_1__react_18_3_1_-8c4968.js:34234:21)
    at formatMessage (http://localhost:4002/brain/static/js/react.js:30956:64)
    at useFeatureRecommend (http://localhost:4002/brain/static/js/index.js:309925:76)
    at StartModules (http://localhost:4002/brain/static/js/index.js:297712:87)
    at renderWithHooks (http://localhost:4002/brain/static/js/react.js:15547:18)
    at updateFunctionComponent (http://localhost:4002/brain/static/js/react.js:19673:20)
    at beginWork (http://localhost:4002/brain/static/js/react.js:21696:16)
    at beginWork$1 (http://localhost:4002/brain/static/js/react.js:27521:14)
    at performUnitOfWork (http://localhost:4002/brain/static/js/react.js:26652:12) @ http://localhost:4002/brain/static/js/vendors-node_modules_pnpm_ant-design_icons_5_6_1_react-dom_18_3_1_react_18_3_1__react_18_3_1_-8c4968.js:34451
[    1264ms] [ERROR] Error: [@formatjs/intl Error MISSING_TRANSLATION] Missing message: "smart_bar_feature_card_fill_template_title" for locale "ja-JP", using id as fallback.

    at new MissingTranslationError (http://localhost:4002/brain/static/js/vendors-node_modules_pnpm_ant-design_icons_5_6_1_react-dom_18_3_1_react_18_3_1__react_18_3_1_-8c4968.js:34068:28)
    at formatMessage (http://localhost:4002/brain/static/js/vendors-node_modules_pnpm_ant-design_icons_5_6_1_react-dom_18_3_1_react_18_3_1__react_18_3_1_-8c4968.js:34234:21)
    at formatMessage (http://localhost:4002/brain/static/js/react.js:30956:64)
    at useFeatureRecommend (http://localhost:4002/brain/static/js/index.js:309936:70)
    at StartModules (http://localhost:4002/brain/static/js/index.js:297712:87)
    at renderWithHooks (http://localhost:4002/brain/static/js/react.js:15547:18)
    at updateFunctionComponent (http://localhost:4002/brain/static/js/react.js:19673:20)
    at beginWork (http://localhost:4002/brain/static/js/react.js:21696:16)
    at beginWork$1 (http://localhost:4002/brain/static/js/react.js:27521:14)
    at performUnitOfWork (http://localhost:4002/brain/static/js/react.js:26652:12) @ http://localhost:4002/brain/static/js/vendors-node_modules_pnpm_ant-design_icons_5_6_1_react-dom_18_3_1_react_18_3_1__react_18_3_1_-8c4968.js:34451
[    1264ms] [ERROR] Error: [@formatjs/intl Error MISSING_TRANSLATION] Missing message: "smart_bar_feature_card_fill_template_description" for locale "ja-JP", using id as fallback.

    at new MissingTranslationError (http://localhost:4002/brain/static/js/vendors-node_modules_pnpm_ant-design_icons_5_6_1_react-dom_18_3_1_react_18_3_1__react_18_3_1_-8c4968.js:34068:28)
    at formatMessage (http://localhost:4002/brain/static/js/vendors-node_modules_pnpm_ant-design_icons_5_6_1_react-dom_18_3_1_react_18_3_1__react_18_3_1_-8c4968.js:34234:21)
    at formatMessage (http://localhost:4002/brain/static/js/react.js:30956:64)
    at useFeatureRecommend (http://localhost:4002/brain/static/js/index.js:309939:76)
    at StartModules (http://localhost:4002/brain/static/js/index.js:297712:87)
    at renderWithHooks (http://localhost:4002/brain/static/js/react.js:15547:18)
    at updateFunctionComponent (http://localhost:4002/brain/static/js/react.js:19673:20)
    at beginWork (http://localhost:4002/brain/static/js/react.js:21696:16)
    at beginWork$1 (http://localhost:4002/brain/static/js/react.js:27521:14)
    at performUnitOfWork (http://localhost:4002/brain/static/js/react.js:26652:12) @ http://localhost:4002/brain/static/js/vendors-node_modules_pnpm_ant-design_icons_5_6_1_react-dom_18_3_1_react_18_3_1__react_18_3_1_-8c4968.js:34451
[    1264ms] [ERROR] Error: [@formatjs/intl Error MISSING_TRANSLATION] Missing message: "smart_bar_recommend_questions_image_v3_placeholder" for locale "ja-JP", using id as fallback.

    at new MissingTranslationError (http://localhost:4002/brain/static/js/vendors-node_modules_pnpm_ant-design_icons_5_6_1_react-dom_18_3_1_react_18_3_1__react_18_3_1_-8c4968.js:34068:28)
    at formatMessage (http://localhost:4002/brain/static/js/vendors-node_modules_pnpm_ant-design_icons_5_6_1_react-dom_18_3_1_react_18_3_1__react_18_3_1_-8c4968.js:34234:21)
    at formatMessage (http://localhost:4002/brain/static/js/react.js:30956:64)
    at useFeatureRecommend (http://localhost:4002/brain/static/js/index.js:309946:76)
    at StartModules (http://localhost:4002/brain/static/js/index.js:297712:87)
    at renderWithHooks (http://localhost:4002/brain/static/js/react.js:15547:18)
    at updateFunctionComponent (http://localhost:4002/brain/static/js/react.js:19673:20)
    at beginWork (http://localhost:4002/brain/static/js/react.js:21696:16)
    at beginWork$1 (http://localhost:4002/brain/static/js/react.js:27521:14)
    at performUnitOfWork (http://localhost:4002/brain/static/js/react.js:26652:12) @ http://localhost:4002/brain/static/js/vendors-node_modules_pnpm_ant-design_icons_5_6_1_react-dom_18_3_1_react_18_3_1__react_18_3_1_-8c4968.js:34451
[    1264ms] [ERROR] Error: [@formatjs/intl Error MISSING_TRANSLATION] Missing message: "smart_bar_feature_card_image_title" for locale "ja-JP", using id as fallback.

    at new MissingTranslationError (http://localhost:4002/brain/static/js/vendors-node_modules_pnpm_ant-design_icons_5_6_1_react-dom_18_3_1_react_18_3_1__react_18_3_1_-8c4968.js:34068:28)
    at formatMessage (http://localhost:4002/brain/static/js/vendors-node_modules_pnpm_ant-design_icons_5_6_1_react-dom_18_3_1_react_18_3_1__react_18_3_1_-8c4968.js:34234:21)
    at formatMessage (http://localhost:4002/brain/static/js/react.js:30956:64)
    at useFeatureRecommend (http://localhost:4002/brain/static/js/index.js:309954:70)
    at StartModules (http://localhost:4002/brain/static/js/index.js:297712:87)
    at renderWithHooks (http://localhost:4002/brain/static/js/react.js:15547:18)
    at updateFunctionComponent (http://localhost:4002/brain/static/js/react.js:19673:20)
    at beginWork (http://localhost:4002/brain/static/js/react.js:21696:16)
    at beginWork$1 (http://localhost:4002/brain/static/js/react.js:27521:14)
    at performUnitOfWork (http://localhost:4002/brain/static/js/react.js:26652:12) @ http://localhost:4002/brain/static/js/vendors-node_modules_pnpm_ant-design_icons_5_6_1_react-dom_18_3_1_react_18_3_1__react_18_3_1_-8c4968.js:34451
[    1264ms] [ERROR] Error: [@formatjs/intl Error MISSING_TRANSLATION] Missing message: "smart_bar_feature_card_image_description" for locale "ja-JP", using id as fallback.

    at new MissingTranslationError (http://localhost:4002/brain/static/js/vendors-node_modules_pnpm_ant-design_icons_5_6_1_react-dom_18_3_1_react_18_3_1__react_18_3_1_-8c4968.js:34068:28)
    at formatMessage (http://localhost:4002/brain/static/js/vendors-node_modules_pnpm_ant-design_icons_5_6_1_react-dom_18_3_1_react_18_3_1__react_18_3_1_-8c4968.js:34234:21)
    at formatMessage (http://localhost:4002/brain/static/js/react.js:30956:64)
    at useFeatureRecommend (http://localhost:4002/brain/static/js/index.js:309957:76)
    at StartModules (http://localhost:4002/brain/static/js/index.js:297712:87)
    at renderWithHooks (http://localhost:4002/brain/static/js/react.js:15547:18)
    at updateFunctionComponent (http://localhost:4002/brain/static/js/react.js:19673:20)
    at beginWork (http://localhost:4002/brain/static/js/react.js:21696:16)
    at beginWork$1 (http://localhost:4002/brain/static/js/react.js:27521:14)
    at performUnitOfWork (http://localhost:4002/brain/static/js/react.js:26652:12) @ http://localhost:4002/brain/static/js/vendors-node_modules_pnpm_ant-design_icons_5_6_1_react-dom_18_3_1_react_18_3_1__react_18_3_1_-8c4968.js:34451
[    1264ms] [ERROR] Error: [@formatjs/intl Error MISSING_TRANSLATION] Missing message: "smart_bar_ppt_template_fill_prompt_placeholder" for locale "ja-JP", using id as fallback.

    at new MissingTranslationError (http://localhost:4002/brain/static/js/vendors-node_modules_pnpm_ant-design_icons_5_6_1_react-dom_18_3_1_react_18_3_1__react_18_3_1_-8c4968.js:34068:28)
    at formatMessage (http://localhost:4002/brain/static/js/vendors-node_modules_pnpm_ant-design_icons_5_6_1_react-dom_18_3_1_react_18_3_1__react_18_3_1_-8c4968.js:34234:21)
    at formatMessage (http://localhost:4002/brain/static/js/react.js:30956:64)
    at useFeatureRecommend (http://localhost:4002/brain/static/js/index.js:309966:76)
    at StartModules (http://localhost:4002/brain/static/js/index.js:297712:87)
    at renderWithHooks (http://localhost:4002/brain/static/js/react.js:15547:18)
    at updateFunctionComponent (http://localhost:4002/brain/static/js/react.js:19673:20)
    at beginWork (http://localhost:4002/brain/static/js/react.js:21696:16)
    at beginWork$1 (http://localhost:4002/brain/static/js/react.js:27521:14)
    at performUnitOfWork (http://localhost:4002/brain/static/js/react.js:26652:12) @ http://localhost:4002/brain/static/js/vendors-node_modules_pnpm_ant-design_icons_5_6_1_react-dom_18_3_1_react_18_3_1__react_18_3_1_-8c4968.js:34451
[    1264ms] [ERROR] Error: [@formatjs/intl Error MISSING_TRANSLATION] Missing message: "smart_bar_feature_card_slides_title" for locale "ja-JP", using id as fallback.

    at new MissingTranslationError (http://localhost:4002/brain/static/js/vendors-node_modules_pnpm_ant-design_icons_5_6_1_react-dom_18_3_1_react_18_3_1__react_18_3_1_-8c4968.js:34068:28)
    at formatMessage (http://localhost:4002/brain/static/js/vendors-node_modules_pnpm_ant-design_icons_5_6_1_react-dom_18_3_1_react_18_3_1__react_18_3_1_-8c4968.js:34234:21)
    at formatMessage (http://localhost:4002/brain/static/js/react.js:30956:64)
    at useFeatureRecommend (http://localhost:4002/brain/static/js/index.js:309974:70)
    at StartModules (http://localhost:4002/brain/static/js/index.js:297712:87)
    at renderWithHooks (http://localhost:4002/brain/static/js/react.js:15547:18)
    at updateFunctionComponent (http://localhost:4002/brain/static/js/react.js:19673:20)
    at beginWork (http://localhost:4002/brain/static/js/react.js:21696:16)
    at beginWork$1 (http://localhost:4002/brain/static/js/react.js:27521:14)
    at performUnitOfWork (http://localhost:4002/brain/static/js/react.js:26652:12) @ http://localhost:4002/brain/static/js/vendors-node_modules_pnpm_ant-design_icons_5_6_1_react-dom_18_3_1_react_18_3_1__react_18_3_1_-8c4968.js:34451
[    1264ms] [ERROR] Error: [@formatjs/intl Error MISSING_TRANSLATION] Missing message: "smart_bar_feature_card_slides_description" for locale "ja-JP", using id as fallback.

    at new MissingTranslationError (http://localhost:4002/brain/static/js/vendors-node_modules_pnpm_ant-design_icons_5_6_1_react-dom_18_3_1_react_18_3_1__react_18_3_1_-8c4968.js:34068:28)
    at formatMessage (http://localhost:4002/brain/static/js/vendors-node_modules_pnpm_ant-design_icons_5_6_1_react-dom_18_3_1_react_18_3_1__react_18_3_1_-8c4968.js:34234:21)
    at formatMessage (http://localhost:4002/brain/static/js/react.js:30956:64)
    at useFeatureRecommend (http://localhost:4002/brain/static/js/index.js:309977:76)
    at StartModules (http://localhost:4002/brain/static/js/index.js:297712:87)
    at renderWithHooks (http://localhost:4002/brain/static/js/react.js:15547:18)
    at updateFunctionComponent (http://localhost:4002/brain/static/js/react.js:19673:20)
    at beginWork (http://localhost:4002/brain/static/js/react.js:21696:16)
    at beginWork$1 (http://localhost:4002/brain/static/js/react.js:27521:14)
    at performUnitOfWork (http://localhost:4002/brain/static/js/react.js:26652:12) @ http://localhost:4002/brain/static/js/vendors-node_modules_pnpm_ant-design_icons_5_6_1_react-dom_18_3_1_react_18_3_1__react_18_3_1_-8c4968.js:34451
[    1264ms] [ERROR] Error: [@formatjs/intl Error MISSING_TRANSLATION] Missing message: "smart_bar_recommend_questions_ask_files_placeholder" for locale "ja-JP", using id as fallback.

    at new MissingTranslationError (http://localhost:4002/brain/static/js/vendors-node_modules_pnpm_ant-design_icons_5_6_1_react-dom_18_3_1_react_18_3_1__react_18_3_1_-8c4968.js:34068:28)
    at formatMessage (http://localhost:4002/brain/static/js/vendors-node_modules_pnpm_ant-design_icons_5_6_1_react-dom_18_3_1_react_18_3_1__react_18_3_1_-8c4968.js:34234:21)
    at formatMessage (http://localhost:4002/brain/static/js/react.js:30956:64)
    at useFeatureRecommend (http://localhost:4002/brain/static/js/index.js:309984:76)
    at StartModules (http://localhost:4002/brain/static/js/index.js:297712:87)
    at renderWithHooks (http://localhost:4002/brain/static/js/react.js:15547:18)
    at updateFunctionComponent (http://localhost:4002/brain/static/js/react.js:19673:20)
    at beginWork (http://localhost:4002/brain/static/js/react.js:21696:16)
    at beginWork$1 (http://localhost:4002/brain/static/js/react.js:27521:14)
    at performUnitOfWork (http://localhost:4002/brain/static/js/react.js:26652:12) @ http://localhost:4002/brain/static/js/vendors-node_modules_pnpm_ant-design_icons_5_6_1_react-dom_18_3_1_react_18_3_1__react_18_3_1_-8c4968.js:34451
[    1264ms] [ERROR] Error: [@formatjs/intl Error MISSING_TRANSLATION] Missing message: "smart_bar_feature_card_ask_files_title" for locale "ja-JP", using id as fallback.

    at new MissingTranslationError (http://localhost:4002/brain/static/js/vendors-node_modules_pnpm_ant-design_icons_5_6_1_react-dom_18_3_1_react_18_3_1__react_18_3_1_-8c4968.js:34068:28)
    at formatMessage (http://localhost:4002/brain/static/js/vendors-node_modules_pnpm_ant-design_icons_5_6_1_react-dom_18_3_1_react_18_3_1__react_18_3_1_-8c4968.js:34234:21)
    at formatMessage (http://localhost:4002/brain/static/js/react.js:30956:64)
    at useFeatureRecommend (http://localhost:4002/brain/static/js/index.js:309992:70)
    at StartModules (http://localhost:4002/brain/static/js/index.js:297712:87)
    at renderWithHooks (http://localhost:4002/brain/static/js/react.js:15547:18)
    at updateFunctionComponent (http://localhost:4002/brain/static/js/react.js:19673:20)
    at beginWork (http://localhost:4002/brain/static/js/react.js:21696:16)
    at beginWork$1 (http://localhost:4002/brain/static/js/react.js:27521:14)
    at performUnitOfWork (http://localhost:4002/brain/static/js/react.js:26652:12) @ http://localhost:4002/brain/static/js/vendors-node_modules_pnpm_ant-design_icons_5_6_1_react-dom_18_3_1_react_18_3_1__react_18_3_1_-8c4968.js:34451
[    1265ms] [ERROR] Error: [@formatjs/intl Error MISSING_TRANSLATION] Missing message: "smart_bar_feature_card_ask_files_description" for locale "ja-JP", using id as fallback.

    at new MissingTranslationError (http://localhost:4002/brain/static/js/vendors-node_modules_pnpm_ant-design_icons_5_6_1_react-dom_18_3_1_react_18_3_1__react_18_3_1_-8c4968.js:34068:28)
    at formatMessage (http://localhost:4002/brain/static/js/vendors-node_modules_pnpm_ant-design_icons_5_6_1_react-dom_18_3_1_react_18_3_1__react_18_3_1_-8c4968.js:34234:21)
    at formatMessage (http://localhost:4002/brain/static/js/react.js:30956:64)
    at useFeatureRecommend (http://localhost:4002/brain/static/js/index.js:309995:76)
    at StartModules (http://localhost:4002/brain/static/js/index.js:297712:87)
    at renderWithHooks (http://localhost:4002/brain/static/js/react.js:15547:18)
    at updateFunctionComponent (http://localhost:4002/brain/static/js/react.js:19673:20)
    at beginWork (http://localhost:4002/brain/static/js/react.js:21696:16)
    at beginWork$1 (http://localhost:4002/brain/static/js/react.js:27521:14)
    at performUnitOfWork (http://localhost:4002/brain/static/js/react.js:26652:12) @ http://localhost:4002/brain/static/js/vendors-node_modules_pnpm_ant-design_icons_5_6_1_react-dom_18_3_1_react_18_3_1__react_18_3_1_-8c4968.js:34451
[    1274ms] [ERROR] Error: [@formatjs/intl Error MISSING_TRANSLATION] Missing message: "common_new_task" for locale "ja-JP", using id as fallback.

    at new MissingTranslationError (http://localhost:4002/brain/static/js/vendors-node_modules_pnpm_ant-design_icons_5_6_1_react-dom_18_3_1_react_18_3_1__react_18_3_1_-8c4968.js:34068:28)
    at formatMessage (http://localhost:4002/brain/static/js/vendors-node_modules_pnpm_ant-design_icons_5_6_1_react-dom_18_3_1_react_18_3_1__react_18_3_1_-8c4968.js:34234:21)
    at formatMessage (http://localhost:4002/brain/static/js/react.js:30956:64)
    at QuickActions (http://localhost:4002/brain/static/js/index.js:23579:45)
    at renderWithHooks (http://localhost:4002/brain/static/js/react.js:15547:18)
    at updateFunctionComponent (http://localhost:4002/brain/static/js/react.js:19673:20)
    at beginWork (http://localhost:4002/brain/static/js/react.js:21696:16)
    at beginWork$1 (http://localhost:4002/brain/static/js/react.js:27521:14)
    at performUnitOfWork (http://localhost:4002/brain/static/js/react.js:26652:12)
    at workLoopSync (http://localhost:4002/brain/static/js/react.js:26561:5) @ http://localhost:4002/brain/static/js/vendors-node_modules_pnpm_ant-design_icons_5_6_1_react-dom_18_3_1_react_18_3_1__react_18_3_1_-8c4968.js:34451
[    1274ms] [ERROR] Error: [@formatjs/intl Error MISSING_TRANSLATION] Missing message: "common_new_task" for locale "ja-JP", using id as fallback.

    at new MissingTranslationError (http://localhost:4002/brain/static/js/vendors-node_modules_pnpm_ant-design_icons_5_6_1_react-dom_18_3_1_react_18_3_1__react_18_3_1_-8c4968.js:34068:28)
    at formatMessage (http://localhost:4002/brain/static/js/vendors-node_modules_pnpm_ant-design_icons_5_6_1_react-dom_18_3_1_react_18_3_1__react_18_3_1_-8c4968.js:34234:21)
    at formatMessage (http://localhost:4002/brain/static/js/react.js:30956:64)
    at QuickActions (http://localhost:4002/brain/static/js/index.js:23601:48)
    at renderWithHooks (http://localhost:4002/brain/static/js/react.js:15547:18)
    at updateFunctionComponent (http://localhost:4002/brain/static/js/react.js:19673:20)
    at beginWork (http://localhost:4002/brain/static/js/react.js:21696:16)
    at beginWork$1 (http://localhost:4002/brain/static/js/react.js:27521:14)
    at performUnitOfWork (http://localhost:4002/brain/static/js/react.js:26652:12)
    at workLoopSync (http://localhost:4002/brain/static/js/react.js:26561:5) @ http://localhost:4002/brain/static/js/vendors-node_modules_pnpm_ant-design_icons_5_6_1_react-dom_18_3_1_react_18_3_1__react_18_3_1_-8c4968.js:34451
[    1274ms] [ERROR] Error: [@formatjs/intl Error MISSING_TRANSLATION] Missing message: "scheduled_tasks_title" for locale "ja-JP", using id as fallback.

    at new MissingTranslationError (http://localhost:4002/brain/static/js/vendors-node_modules_pnpm_ant-design_icons_5_6_1_react-dom_18_3_1_react_18_3_1__react_18_3_1_-8c4968.js:34068:28)
    at formatMessage (http://localhost:4002/brain/static/js/vendors-node_modules_pnpm_ant-design_icons_5_6_1_react-dom_18_3_1_react_18_3_1__react_18_3_1_-8c4968.js:34234:21)
    at formatMessage (http://localhost:4002/brain/static/js/react.js:30956:64)
    at QuickActions (http://localhost:4002/brain/static/js/index.js:23628:45)
    at renderWithHooks (http://localhost:4002/brain/static/js/react.js:15547:18)
    at updateFunctionComponent (http://localhost:4002/brain/static/js/react.js:19673:20)
    at beginWork (http://localhost:4002/brain/static/js/react.js:21696:16)
    at beginWork$1 (http://localhost:4002/brain/static/js/react.js:27521:14)
    at performUnitOfWork (http://localhost:4002/brain/static/js/react.js:26652:12)
    at workLoopSync (http://localhost:4002/brain/static/js/react.js:26561:5) @ http://localhost:4002/brain/static/js/vendors-node_modules_pnpm_ant-design_icons_5_6_1_react-dom_18_3_1_react_18_3_1__react_18_3_1_-8c4968.js:34451
[    1274ms] [ERROR] Error: [@formatjs/intl Error MISSING_TRANSLATION] Missing message: "scheduled_tasks_title" for locale "ja-JP", using id as fallback.

    at new MissingTranslationError (http://localhost:4002/brain/static/js/vendors-node_modules_pnpm_ant-design_icons_5_6_1_react-dom_18_3_1_react_18_3_1__react_18_3_1_-8c4968.js:34068:28)
    at formatMessage (http://localhost:4002/brain/static/js/vendors-node_modules_pnpm_ant-design_icons_5_6_1_react-dom_18_3_1_react_18_3_1__react_18_3_1_-8c4968.js:34234:21)
    at formatMessage (http://localhost:4002/brain/static/js/react.js:30956:64)
    at QuickActions (http://localhost:4002/brain/static/js/index.js:23655:48)
    at renderWithHooks (http://localhost:4002/brain/static/js/react.js:15547:18)
    at updateFunctionComponent (http://localhost:4002/brain/static/js/react.js:19673:20)
    at beginWork (http://localhost:4002/brain/static/js/react.js:21696:16)
    at beginWork$1 (http://localhost:4002/brain/static/js/react.js:27521:14)
    at performUnitOfWork (http://localhost:4002/brain/static/js/react.js:26652:12)
    at workLoopSync (http://localhost:4002/brain/static/js/react.js:26561:5) @ http://localhost:4002/brain/static/js/vendors-node_modules_pnpm_ant-design_icons_5_6_1_react-dom_18_3_1_react_18_3_1__react_18_3_1_-8c4968.js:34451
[    1274ms] [ERROR] Error: [@formatjs/intl Error MISSING_TRANSLATION] Missing message: "sidebar_library" for locale "ja-JP", using id as fallback.

    at new MissingTranslationError (http://localhost:4002/brain/static/js/vendors-node_modules_pnpm_ant-design_icons_5_6_1_react-dom_18_3_1_react_18_3_1__react_18_3_1_-8c4968.js:34068:28)
    at formatMessage (http://localhost:4002/brain/static/js/vendors-node_modules_pnpm_ant-design_icons_5_6_1_react-dom_18_3_1_react_18_3_1__react_18_3_1_-8c4968.js:34234:21)
    at formatMessage (http://localhost:4002/brain/static/js/react.js:30956:64)
    at QuickActions (http://localhost:4002/brain/static/js/index.js:23692:45)
    at renderWithHooks (http://localhost:4002/brain/static/js/react.js:15547:18)
    at updateFunctionComponent (http://localhost:4002/brain/static/js/react.js:19673:20)
    at beginWork (http://localhost:4002/brain/static/js/react.js:21696:16)
    at beginWork$1 (http://localhost:4002/brain/static/js/react.js:27521:14)
    at performUnitOfWork (http://localhost:4002/brain/static/js/react.js:26652:12)
    at workLoopSync (http://localhost:4002/brain/static/js/react.js:26561:5) @ http://localhost:4002/brain/static/js/vendors-node_modules_pnpm_ant-design_icons_5_6_1_react-dom_18_3_1_react_18_3_1__react_18_3_1_-8c4968.js:34451
[    1274ms] [ERROR] Error: [@formatjs/intl Error MISSING_TRANSLATION] Missing message: "sidebar_library" for locale "ja-JP", using id as fallback.

    at new MissingTranslationError (http://localhost:4002/brain/static/js/vendors-node_modules_pnpm_ant-design_icons_5_6_1_react-dom_18_3_1_react_18_3_1__react_18_3_1_-8c4968.js:34068:28)
    at formatMessage (http://localhost:4002/brain/static/js/vendors-node_modules_pnpm_ant-design_icons_5_6_1_react-dom_18_3_1_react_18_3_1__react_18_3_1_-8c4968.js:34234:21)
    at formatMessage (http://localhost:4002/brain/static/js/react.js:30956:64)
    at QuickActions (http://localhost:4002/brain/static/js/index.js:23719:48)
    at renderWithHooks (http://localhost:4002/brain/static/js/react.js:15547:18)
    at updateFunctionComponent (http://localhost:4002/brain/static/js/react.js:19673:20)
    at beginWork (http://localhost:4002/brain/static/js/react.js:21696:16)
    at beginWork$1 (http://localhost:4002/brain/static/js/react.js:27521:14)
    at performUnitOfWork (http://localhost:4002/brain/static/js/react.js:26652:12)
    at workLoopSync (http://localhost:4002/brain/static/js/react.js:26561:5) @ http://localhost:4002/brain/static/js/vendors-node_modules_pnpm_ant-design_icons_5_6_1_react-dom_18_3_1_react_18_3_1__react_18_3_1_-8c4968.js:34451
[    1275ms] [ERROR] Error: [@formatjs/intl Error MISSING_TRANSLATION] Missing message: "smart_bar_chat_composer_web_search_tooltip" for locale "ja-JP", using id as fallback.

    at new MissingTranslationError (http://localhost:4002/brain/static/js/vendors-node_modules_pnpm_ant-design_icons_5_6_1_react-dom_18_3_1_react_18_3_1__react_18_3_1_-8c4968.js:34068:28)
    at formatMessage (http://localhost:4002/brain/static/js/vendors-node_modules_pnpm_ant-design_icons_5_6_1_react-dom_18_3_1_react_18_3_1__react_18_3_1_-8c4968.js:34234:21)
    at formatMessage (http://localhost:4002/brain/static/js/react.js:30956:64)
    at ChatComposerActions (http://localhost:4002/brain/static/js/index.js:288573:83)
    at renderWithHooks (http://localhost:4002/brain/static/js/react.js:15547:18)
    at updateFunctionComponent (http://localhost:4002/brain/static/js/react.js:19673:20)
    at beginWork (http://localhost:4002/brain/static/js/react.js:21696:16)
    at beginWork$1 (http://localhost:4002/brain/static/js/react.js:27521:14)
    at performUnitOfWork (http://localhost:4002/brain/static/js/react.js:26652:12)
    at workLoopSync (http://localhost:4002/brain/static/js/react.js:26561:5) @ http://localhost:4002/brain/static/js/vendors-node_modules_pnpm_ant-design_icons_5_6_1_react-dom_18_3_1_react_18_3_1__react_18_3_1_-8c4968.js:34451
[    1276ms] [ERROR] Error: [@formatjs/intl Error MISSING_TRANSLATION] Missing message: "smart_bar_schedule_fill_prompt_placeholder" for locale "ja-JP", using id as fallback.

    at new MissingTranslationError (http://localhost:4002/brain/static/js/vendors-node_modules_pnpm_ant-design_icons_5_6_1_react-dom_18_3_1_react_18_3_1__react_18_3_1_-8c4968.js:34068:28)
    at formatMessage (http://localhost:4002/brain/static/js/vendors-node_modules_pnpm_ant-design_icons_5_6_1_react-dom_18_3_1_react_18_3_1__react_18_3_1_-8c4968.js:34234:21)
    at formatMessage (http://localhost:4002/brain/static/js/react.js:30956:64)
    at useFeatureRecommend (http://localhost:4002/brain/static/js/index.js:309905:76)
    at StartModules (http://localhost:4002/brain/static/js/index.js:297712:87)
    at renderWithHooks (http://localhost:4002/brain/static/js/react.js:15547:18)
    at updateFunctionComponent (http://localhost:4002/brain/static/js/react.js:19673:20)
    at beginWork (http://localhost:4002/brain/static/js/react.js:21696:16)
    at beginWork$1 (http://localhost:4002/brain/static/js/react.js:27521:14)
    at performUnitOfWork (http://localhost:4002/brain/static/js/react.js:26652:12) @ http://localhost:4002/brain/static/js/vendors-node_modules_pnpm_ant-design_icons_5_6_1_react-dom_18_3_1_react_18_3_1__react_18_3_1_-8c4968.js:34451
[    1276ms] [ERROR] Error: [@formatjs/intl Error MISSING_TRANSLATION] Missing message: "smart_bar_feature_card_schedule_title" for locale "ja-JP", using id as fallback.

    at new MissingTranslationError (http://localhost:4002/brain/static/js/vendors-node_modules_pnpm_ant-design_icons_5_6_1_react-dom_18_3_1_react_18_3_1__react_18_3_1_-8c4968.js:34068:28)
    at formatMessage (http://localhost:4002/brain/static/js/vendors-node_modules_pnpm_ant-design_icons_5_6_1_react-dom_18_3_1_react_18_3_1__react_18_3_1_-8c4968.js:34234:21)
    at formatMessage (http://localhost:4002/brain/static/js/react.js:30956:64)
    at useFeatureRecommend (http://localhost:4002/brain/static/js/index.js:309913:70)
    at StartModules (http://localhost:4002/brain/static/js/index.js:297712:87)
    at renderWithHooks (http://localhost:4002/brain/static/js/react.js:15547:18)
    at updateFunctionComponent (http://localhost:4002/brain/static/js/react.js:19673:20)
    at beginWork (http://localhost:4002/brain/static/js/react.js:21696:16)
    at beginWork$1 (http://localhost:4002/brain/static/js/react.js:27521:14)
    at performUnitOfWork (http://localhost:4002/brain/static/js/react.js:26652:12) @ http://localhost:4002/brain/static/js/vendors-node_modules_pnpm_ant-design_icons_5_6_1_react-dom_18_3_1_react_18_3_1__react_18_3_1_-8c4968.js:34451
[    1276ms] [ERROR] Error: [@formatjs/intl Error MISSING_TRANSLATION] Missing message: "smart_bar_feature_card_schedule_description" for locale "ja-JP", using id as fallback.

    at new MissingTranslationError (http://localhost:4002/brain/static/js/vendors-node_modules_pnpm_ant-design_icons_5_6_1_react-dom_18_3_1_react_18_3_1__react_18_3_1_-8c4968.js:34068:28)
    at formatMessage (http://localhost:4002/brain/static/js/vendors-node_modules_pnpm_ant-design_icons_5_6_1_react-dom_18_3_1_react_18_3_1__react_18_3_1_-8c4968.js:34234:21)
    at formatMessage (http://localhost:4002/brain/static/js/react.js:30956:64)
    at useFeatureRecommend (http://localhost:4002/brain/static/js/index.js:309916:76)
    at StartModules (http://localhost:4002/brain/static/js/index.js:297712:87)
    at renderWithHooks (http://localhost:4002/brain/static/js/react.js:15547:18)
    at updateFunctionComponent (http://localhost:4002/brain/static/js/react.js:19673:20)
    at beginWork (http://localhost:4002/brain/static/js/react.js:21696:16)
    at beginWork$1 (http://localhost:4002/brain/static/js/react.js:27521:14)
    at performUnitOfWork (http://localhost:4002/brain/static/js/react.js:26652:12) @ http://localhost:4002/brain/static/js/vendors-node_modules_pnpm_ant-design_icons_5_6_1_react-dom_18_3_1_react_18_3_1__react_18_3_1_-8c4968.js:34451
[    1276ms] [ERROR] Error: [@formatjs/intl Error MISSING_TRANSLATION] Missing message: "smart_bar_template_fill_prompt_placeholder" for locale "ja-JP", using id as fallback.

    at new MissingTranslationError (http://localhost:4002/brain/static/js/vendors-node_modules_pnpm_ant-design_icons_5_6_1_react-dom_18_3_1_react_18_3_1__react_18_3_1_-8c4968.js:34068:28)
    at formatMessage (http://localhost:4002/brain/static/js/vendors-node_modules_pnpm_ant-design_icons_5_6_1_react-dom_18_3_1_react_18_3_1__react_18_3_1_-8c4968.js:34234:21)
    at formatMessage (http://localhost:4002/brain/static/js/react.js:30956:64)
    at useFeatureRecommend (http://localhost:4002/brain/static/js/index.js:309925:76)
    at StartModules (http://localhost:4002/brain/static/js/index.js:297712:87)
    at renderWithHooks (http://localhost:4002/brain/static/js/react.js:15547:18)
    at updateFunctionComponent (http://localhost:4002/brain/static/js/react.js:19673:20)
    at beginWork (http://localhost:4002/brain/static/js/react.js:21696:16)
    at beginWork$1 (http://localhost:4002/brain/static/js/react.js:27521:14)
    at performUnitOfWork (http://localhost:4002/brain/static/js/react.js:26652:12) @ http://localhost:4002/brain/static/js/vendors-node_modules_pnpm_ant-design_icons_5_6_1_react-dom_18_3_1_react_18_3_1__react_18_3_1_-8c4968.js:34451
[    1276ms] [ERROR] Error: [@formatjs/intl Error MISSING_TRANSLATION] Missing message: "smart_bar_feature_card_fill_template_title" for locale "ja-JP", using id as fallback.

    at new MissingTranslationError (http://localhost:4002/brain/static/js/vendors-node_modules_pnpm_ant-design_icons_5_6_1_react-dom_18_3_1_react_18_3_1__react_18_3_1_-8c4968.js:34068:28)
    at formatMessage (http://localhost:4002/brain/static/js/vendors-node_modules_pnpm_ant-design_icons_5_6_1_react-dom_18_3_1_react_18_3_1__react_18_3_1_-8c4968.js:34234:21)
    at formatMessage (http://localhost:4002/brain/static/js/react.js:30956:64)
    at useFeatureRecommend (http://localhost:4002/brain/static/js/index.js:309936:70)
    at StartModules (http://localhost:4002/brain/static/js/index.js:297712:87)
    at renderWithHooks (http://localhost:4002/brain/static/js/react.js:15547:18)
    at updateFunctionComponent (http://localhost:4002/brain/static/js/react.js:19673:20)
    at beginWork (http://localhost:4002/brain/static/js/react.js:21696:16)
    at beginWork$1 (http://localhost:4002/brain/static/js/react.js:27521:14)
    at performUnitOfWork (http://localhost:4002/brain/static/js/react.js:26652:12) @ http://localhost:4002/brain/static/js/vendors-node_modules_pnpm_ant-design_icons_5_6_1_react-dom_18_3_1_react_18_3_1__react_18_3_1_-8c4968.js:34451
[    1276ms] [ERROR] Error: [@formatjs/intl Error MISSING_TRANSLATION] Missing message: "smart_bar_feature_card_fill_template_description" for locale "ja-JP", using id as fallback.

    at new MissingTranslationError (http://localhost:4002/brain/static/js/vendors-node_modules_pnpm_ant-design_icons_5_6_1_react-dom_18_3_1_react_18_3_1__react_18_3_1_-8c4968.js:34068:28)
    at formatMessage (http://localhost:4002/brain/static/js/vendors-node_modules_pnpm_ant-design_icons_5_6_1_react-dom_18_3_1_react_18_3_1__react_18_3_1_-8c4968.js:34234:21)
    at formatMessage (http://localhost:4002/brain/static/js/react.js:30956:64)
    at useFeatureRecommend (http://localhost:4002/brain/static/js/index.js:309939:76)
    at StartModules (http://localhost:4002/brain/static/js/index.js:297712:87)
    at renderWithHooks (http://localhost:4002/brain/static/js/react.js:15547:18)
    at updateFunctionComponent (http://localhost:4002/brain/static/js/react.js:19673:20)
    at beginWork (http://localhost:4002/brain/static/js/react.js:21696:16)
    at beginWork$1 (http://localhost:4002/brain/static/js/react.js:27521:14)
    at performUnitOfWork (http://localhost:4002/brain/static/js/react.js:26652:12) @ http://localhost:4002/brain/static/js/vendors-node_modules_pnpm_ant-design_icons_5_6_1_react-dom_18_3_1_react_18_3_1__react_18_3_1_-8c4968.js:34451
[    1276ms] [ERROR] Error: [@formatjs/intl Error MISSING_TRANSLATION] Missing message: "smart_bar_recommend_questions_image_v3_placeholder" for locale "ja-JP", using id as fallback.

    at new MissingTranslationError (http://localhost:4002/brain/static/js/vendors-node_modules_pnpm_ant-design_icons_5_6_1_react-dom_18_3_1_react_18_3_1__react_18_3_1_-8c4968.js:34068:28)
    at formatMessage (http://localhost:4002/brain/static/js/vendors-node_modules_pnpm_ant-design_icons_5_6_1_react-dom_18_3_1_react_18_3_1__react_18_3_1_-8c4968.js:34234:21)
    at formatMessage (http://localhost:4002/brain/static/js/react.js:30956:64)
    at useFeatureRecommend (http://localhost:4002/brain/static/js/index.js:309946:76)
    at StartModules (http://localhost:4002/brain/static/js/index.js:297712:87)
    at renderWithHooks (http://localhost:4002/brain/static/js/react.js:15547:18)
    at updateFunctionComponent (http://localhost:4002/brain/static/js/react.js:19673:20)
    at beginWork (http://localhost:4002/brain/static/js/react.js:21696:16)
    at beginWork$1 (http://localhost:4002/brain/static/js/react.js:27521:14)
    at performUnitOfWork (http://localhost:4002/brain/static/js/react.js:26652:12) @ http://localhost:4002/brain/static/js/vendors-node_modules_pnpm_ant-design_icons_5_6_1_react-dom_18_3_1_react_18_3_1__react_18_3_1_-8c4968.js:34451
[    1276ms] [ERROR] Error: [@formatjs/intl Error MISSING_TRANSLATION] Missing message: "smart_bar_feature_card_image_title" for locale "ja-JP", using id as fallback.

    at new MissingTranslationError (http://localhost:4002/brain/static/js/vendors-node_modules_pnpm_ant-design_icons_5_6_1_react-dom_18_3_1_react_18_3_1__react_18_3_1_-8c4968.js:34068:28)
    at formatMessage (http://localhost:4002/brain/static/js/vendors-node_modules_pnpm_ant-design_icons_5_6_1_react-dom_18_3_1_react_18_3_1__react_18_3_1_-8c4968.js:34234:21)
    at formatMessage (http://localhost:4002/brain/static/js/react.js:30956:64)
    at useFeatureRecommend (http://localhost:4002/brain/static/js/index.js:309954:70)
    at StartModules (http://localhost:4002/brain/static/js/index.js:297712:87)
    at renderWithHooks (http://localhost:4002/brain/static/js/react.js:15547:18)
    at updateFunctionComponent (http://localhost:4002/brain/static/js/react.js:19673:20)
    at beginWork (http://localhost:4002/brain/static/js/react.js:21696:16)
    at beginWork$1 (http://localhost:4002/brain/static/js/react.js:27521:14)
    at performUnitOfWork (http://localhost:4002/brain/static/js/react.js:26652:12) @ http://localhost:4002/brain/static/js/vendors-node_modules_pnpm_ant-design_icons_5_6_1_react-dom_18_3_1_react_18_3_1__react_18_3_1_-8c4968.js:34451
[    1276ms] [ERROR] Error: [@formatjs/intl Error MISSING_TRANSLATION] Missing message: "smart_bar_feature_card_image_description" for locale "ja-JP", using id as fallback.

    at new MissingTranslationError (http://localhost:4002/brain/static/js/vendors-node_modules_pnpm_ant-design_icons_5_6_1_react-dom_18_3_1_react_18_3_1__react_18_3_1_-8c4968.js:34068:28)
    at formatMessage (http://localhost:4002/brain/static/js/vendors-node_modules_pnpm_ant-design_icons_5_6_1_react-dom_18_3_1_react_18_3_1__react_18_3_1_-8c4968.js:34234:21)
    at formatMessage (http://localhost:4002/brain/static/js/react.js:30956:64)
    at useFeatureRecommend (http://localhost:4002/brain/static/js/index.js:309957:76)
    at StartModules (http://localhost:4002/brain/static/js/index.js:297712:87)
    at renderWithHooks (http://localhost:4002/brain/static/js/react.js:15547:18)
    at updateFunctionComponent (http://localhost:4002/brain/static/js/react.js:19673:20)
    at beginWork (http://localhost:4002/brain/static/js/react.js:21696:16)
    at beginWork$1 (http://localhost:4002/brain/static/js/react.js:27521:14)
    at performUnitOfWork (http://localhost:4002/brain/static/js/react.js:26652:12) @ http://localhost:4002/brain/static/js/vendors-node_modules_pnpm_ant-design_icons_5_6_1_react-dom_18_3_1_react_18_3_1__react_18_3_1_-8c4968.js:34451
[    1276ms] [ERROR] Error: [@formatjs/intl Error MISSING_TRANSLATION] Missing message: "smart_bar_ppt_template_fill_prompt_placeholder" for locale "ja-JP", using id as fallback.

    at new MissingTranslationError (http://localhost:4002/brain/static/js/vendors-node_modules_pnpm_ant-design_icons_5_6_1_react-dom_18_3_1_react_18_3_1__react_18_3_1_-8c4968.js:34068:28)
    at formatMessage (http://localhost:4002/brain/static/js/vendors-node_modules_pnpm_ant-design_icons_5_6_1_react-dom_18_3_1_react_18_3_1__react_18_3_1_-8c4968.js:34234:21)
    at formatMessage (http://localhost:4002/brain/static/js/react.js:30956:64)
    at useFeatureRecommend (http://localhost:4002/brain/static/js/index.js:309966:76)
    at StartModules (http://localhost:4002/brain/static/js/index.js:297712:87)
    at renderWithHooks (http://localhost:4002/brain/static/js/react.js:15547:18)
    at updateFunctionComponent (http://localhost:4002/brain/static/js/react.js:19673:20)
    at beginWork (http://localhost:4002/brain/static/js/react.js:21696:16)
    at beginWork$1 (http://localhost:4002/brain/static/js/react.js:27521:14)
    at performUnitOfWork (http://localhost:4002/brain/static/js/react.js:26652:12) @ http://localhost:4002/brain/static/js/vendors-node_modules_pnpm_ant-design_icons_5_6_1_react-dom_18_3_1_react_18_3_1__react_18_3_1_-8c4968.js:34451
[    1276ms] [ERROR] Error: [@formatjs/intl Error MISSING_TRANSLATION] Missing message: "smart_bar_feature_card_slides_title" for locale "ja-JP", using id as fallback.

    at new MissingTranslationError (http://localhost:4002/brain/static/js/vendors-node_modules_pnpm_ant-design_icons_5_6_1_react-dom_18_3_1_react_18_3_1__react_18_3_1_-8c4968.js:34068:28)
    at formatMessage (http://localhost:4002/brain/static/js/vendors-node_modules_pnpm_ant-design_icons_5_6_1_react-dom_18_3_1_react_18_3_1__react_18_3_1_-8c4968.js:34234:21)
    at formatMessage (http://localhost:4002/brain/static/js/react.js:30956:64)
    at useFeatureRecommend (http://localhost:4002/brain/static/js/index.js:309974:70)
    at StartModules (http://localhost:4002/brain/static/js/index.js:297712:87)
    at renderWithHooks (http://localhost:4002/brain/static/js/react.js:15547:18)
    at updateFunctionComponent (http://localhost:4002/brain/static/js/react.js:19673:20)
    at beginWork (http://localhost:4002/brain/static/js/react.js:21696:16)
    at beginWork$1 (http://localhost:4002/brain/static/js/react.js:27521:14)
    at performUnitOfWork (http://localhost:4002/brain/static/js/react.js:26652:12) @ http://localhost:4002/brain/static/js/vendors-node_modules_pnpm_ant-design_icons_5_6_1_react-dom_18_3_1_react_18_3_1__react_18_3_1_-8c4968.js:34451
[    1276ms] [ERROR] Error: [@formatjs/intl Error MISSING_TRANSLATION] Missing message: "smart_bar_feature_card_slides_description" for locale "ja-JP", using id as fallback.

    at new MissingTranslationError (http://localhost:4002/brain/static/js/vendors-node_modules_pnpm_ant-design_icons_5_6_1_react-dom_18_3_1_react_18_3_1__react_18_3_1_-8c4968.js:34068:28)
    at formatMessage (http://localhost:4002/brain/static/js/vendors-node_modules_pnpm_ant-design_icons_5_6_1_react-dom_18_3_1_react_18_3_1__react_18_3_1_-8c4968.js:34234:21)
    at formatMessage (http://localhost:4002/brain/static/js/react.js:30956:64)
    at useFeatureRecommend (http://localhost:4002/brain/static/js/index.js:309977:76)
    at StartModules (http://localhost:4002/brain/static/js/index.js:297712:87)
    at renderWithHooks (http://localhost:4002/brain/static/js/react.js:15547:18)
    at updateFunctionComponent (http://localhost:4002/brain/static/js/react.js:19673:20)
    at beginWork (http://localhost:4002/brain/static/js/react.js:21696:16)
    at beginWork$1 (http://localhost:4002/brain/static/js/react.js:27521:14)
    at performUnitOfWork (http://localhost:4002/brain/static/js/react.js:26652:12) @ http://localhost:4002/brain/static/js/vendors-node_modules_pnpm_ant-design_icons_5_6_1_react-dom_18_3_1_react_18_3_1__react_18_3_1_-8c4968.js:34451
[    1276ms] [ERROR] Error: [@formatjs/intl Error MISSING_TRANSLATION] Missing message: "smart_bar_recommend_questions_ask_files_placeholder" for locale "ja-JP", using id as fallback.

    at new MissingTranslationError (http://localhost:4002/brain/static/js/vendors-node_modules_pnpm_ant-design_icons_5_6_1_react-dom_18_3_1_react_18_3_1__react_18_3_1_-8c4968.js:34068:28)
    at formatMessage (http://localhost:4002/brain/static/js/vendors-node_modules_pnpm_ant-design_icons_5_6_1_react-dom_18_3_1_react_18_3_1__react_18_3_1_-8c4968.js:34234:21)
    at formatMessage (http://localhost:4002/brain/static/js/react.js:30956:64)
    at useFeatureRecommend (http://localhost:4002/brain/static/js/index.js:309984:76)
    at StartModules (http://localhost:4002/brain/static/js/index.js:297712:87)
    at renderWithHooks (http://localhost:4002/brain/static/js/react.js:15547:18)
    at updateFunctionComponent (http://localhost:4002/brain/static/js/react.js:19673:20)
    at beginWork (http://localhost:4002/brain/static/js/react.js:21696:16)
    at beginWork$1 (http://localhost:4002/brain/static/js/react.js:27521:14)
    at performUnitOfWork (http://localhost:4002/brain/static/js/react.js:26652:12) @ http://localhost:4002/brain/static/js/vendors-node_modules_pnpm_ant-design_icons_5_6_1_react-dom_18_3_1_react_18_3_1__react_18_3_1_-8c4968.js:34451
[    1276ms] [ERROR] Error: [@formatjs/intl Error MISSING_TRANSLATION] Missing message: "smart_bar_feature_card_ask_files_title" for locale "ja-JP", using id as fallback.

    at new MissingTranslationError (http://localhost:4002/brain/static/js/vendors-node_modules_pnpm_ant-design_icons_5_6_1_react-dom_18_3_1_react_18_3_1__react_18_3_1_-8c4968.js:34068:28)
    at formatMessage (http://localhost:4002/brain/static/js/vendors-node_modules_pnpm_ant-design_icons_5_6_1_react-dom_18_3_1_react_18_3_1__react_18_3_1_-8c4968.js:34234:21)
    at formatMessage (http://localhost:4002/brain/static/js/react.js:30956:64)
    at useFeatureRecommend (http://localhost:4002/brain/static/js/index.js:309992:70)
    at StartModules (http://localhost:4002/brain/static/js/index.js:297712:87)
    at renderWithHooks (http://localhost:4002/brain/static/js/react.js:15547:18)
    at updateFunctionComponent (http://localhost:4002/brain/static/js/react.js:19673:20)
    at beginWork (http://localhost:4002/brain/static/js/react.js:21696:16)
    at beginWork$1 (http://localhost:4002/brain/static/js/react.js:27521:14)
    at performUnitOfWork (http://localhost:4002/brain/static/js/react.js:26652:12) @ http://localhost:4002/brain/static/js/vendors-node_modules_pnpm_ant-design_icons_5_6_1_react-dom_18_3_1_react_18_3_1__react_18_3_1_-8c4968.js:34451
[    1276ms] [ERROR] Error: [@formatjs/intl Error MISSING_TRANSLATION] Missing message: "smart_bar_feature_card_ask_files_description" for locale "ja-JP", using id as fallback.

    at new MissingTranslationError (http://localhost:4002/brain/static/js/vendors-node_modules_pnpm_ant-design_icons_5_6_1_react-dom_18_3_1_react_18_3_1__react_18_3_1_-8c4968.js:34068:28)
    at formatMessage (http://localhost:4002/brain/static/js/vendors-node_modules_pnpm_ant-design_icons_5_6_1_react-dom_18_3_1_react_18_3_1__react_18_3_1_-8c4968.js:34234:21)
    at formatMessage (http://localhost:4002/brain/static/js/react.js:30956:64)
    at useFeatureRecommend (http://localhost:4002/brain/static/js/index.js:309995:76)
    at StartModules (http://localhost:4002/brain/static/js/index.js:297712:87)
    at renderWithHooks (http://localhost:4002/brain/static/js/react.js:15547:18)
    at updateFunctionComponent (http://localhost:4002/brain/static/js/react.js:19673:20)
    at beginWork (http://localhost:4002/brain/static/js/react.js:21696:16)
    at beginWork$1 (http://localhost:4002/brain/static/js/react.js:27521:14)
    at performUnitOfWork (http://localhost:4002/brain/static/js/react.js:26652:12) @ http://localhost:4002/brain/static/js/vendors-node_modules_pnpm_ant-design_icons_5_6_1_react-dom_18_3_1_react_18_3_1__react_18_3_1_-8c4968.js:34451
[    1279ms] [ERROR] Error: [@formatjs/intl Error MISSING_TRANSLATION] Missing message: "smart_bar_chat_composer_web_search_tooltip" for locale "ja-JP", using id as fallback.

    at new MissingTranslationError (http://localhost:4002/brain/static/js/vendors-node_modules_pnpm_ant-design_icons_5_6_1_react-dom_18_3_1_react_18_3_1__react_18_3_1_-8c4968.js:34068:28)
    at formatMessage (http://localhost:4002/brain/static/js/vendors-node_modules_pnpm_ant-design_icons_5_6_1_react-dom_18_3_1_react_18_3_1__react_18_3_1_-8c4968.js:34234:21)
    at formatMessage (http://localhost:4002/brain/static/js/react.js:30956:64)
    at ChatComposerActions (http://localhost:4002/brain/static/js/index.js:288573:83)
    at renderWithHooks (http://localhost:4002/brain/static/js/react.js:15547:18)
    at updateFunctionComponent (http://localhost:4002/brain/static/js/react.js:19673:20)
    at beginWork (http://localhost:4002/brain/static/js/react.js:21696:16)
    at beginWork$1 (http://localhost:4002/brain/static/js/react.js:27521:14)
    at performUnitOfWork (http://localhost:4002/brain/static/js/react.js:26652:12)
    at workLoopSync (http://localhost:4002/brain/static/js/react.js:26561:5) @ http://localhost:4002/brain/static/js/vendors-node_modules_pnpm_ant-design_icons_5_6_1_react-dom_18_3_1_react_18_3_1__react_18_3_1_-8c4968.js:34451
[    1280ms] [ERROR] Error: [@formatjs/intl Error MISSING_TRANSLATION] Missing message: "smart_bar_personalization_switch_tooltip_defatul_title" for locale "ja-JP", using id as fallback.

    at new MissingTranslationError (http://localhost:4002/brain/static/js/vendors-node_modules_pnpm_ant-design_icons_5_6_1_react-dom_18_3_1_react_18_3_1__react_18_3_1_-8c4968.js:34068:28)
    at formatMessage (http://localhost:4002/brain/static/js/vendors-node_modules_pnpm_ant-design_icons_5_6_1_react-dom_18_3_1_react_18_3_1__react_18_3_1_-8c4968.js:34234:21)
    at formatMessage (http://localhost:4002/brain/static/js/react.js:30956:64)
    at PersonalizationAction (http://localhost:4002/brain/static/js/index.js:291970:95)
    at renderWithHooks (http://localhost:4002/brain/static/js/react.js:15547:18)
    at updateFunctionComponent (http://localhost:4002/brain/static/js/react.js:19673:20)
    at beginWork (http://localhost:4002/brain/static/js/react.js:21696:16)
    at beginWork$1 (http://localhost:4002/brain/static/js/react.js:27521:14)
    at performUnitOfWork (http://localhost:4002/brain/static/js/react.js:26652:12)
    at workLoopSync (http://localhost:4002/brain/static/js/react.js:26561:5) @ http://localhost:4002/brain/static/js/vendors-node_modules_pnpm_ant-design_icons_5_6_1_react-dom_18_3_1_react_18_3_1__react_18_3_1_-8c4968.js:34451
[    1560ms] [LOG] mc-common.NotifyService --- --- --- subscribe change: {total_events: 6, events: Array(6)} @ http://localhost:4002/brain/static/js/vendors-node_modules_pnpm_ant-design_icons_5_6_1_react-dom_18_3_1_react_18_3_1__react_18_3_1_-8c4968.js:251759
[    1588ms] [LOG] generate aes key by nano id: len=16 @ http://localhost:4002/brain/static/js/vendors-node_modules_pnpm_ant-design_icons_5_6_1_react-dom_18_3_1_react_18_3_1__react_18_3_1_-8c4968.js:251759
[    1588ms] [LOG] encryptAesKeyByRSA: aesKey len=16 @ http://localhost:4002/brain/static/js/vendors-node_modules_pnpm_ant-design_icons_5_6_1_react-dom_18_3_1_react_18_3_1__react_18_3_1_-8c4968.js:251759
[    1762ms] [WARNING] You may test your Stripe.js integration over HTTP. However, live Stripe.js integrations must use HTTPS. @ https://js.stripe.com/v3:0
[    1766ms] [ERROR] Error: [@formatjs/intl Error MISSING_TRANSLATION] Missing message: "smart_bar_layout_welcome" for locale "ja-JP", using id as fallback.

    at new MissingTranslationError (http://localhost:4002/brain/static/js/vendors-node_modules_pnpm_ant-design_icons_5_6_1_react-dom_18_3_1_react_18_3_1__react_18_3_1_-8c4968.js:34068:28)
    at formatMessage (http://localhost:4002/brain/static/js/vendors-node_modules_pnpm_ant-design_icons_5_6_1_react-dom_18_3_1_react_18_3_1__react_18_3_1_-8c4968.js:34234:21)
    at formatMessage (http://localhost:4002/brain/static/js/react.js:30956:64)
    at WelcomeBannerText (http://localhost:4002/brain/static/js/index.js:298396:72)
    at renderWithHooks (http://localhost:4002/brain/static/js/react.js:15547:18)
    at updateFunctionComponent (http://localhost:4002/brain/static/js/react.js:19673:20)
    at beginWork (http://localhost:4002/brain/static/js/react.js:21696:16)
    at beginWork$1 (http://localhost:4002/brain/static/js/react.js:27521:14)
    at performUnitOfWork (http://localhost:4002/brain/static/js/react.js:26652:12)
    at workLoopSync (http://localhost:4002/brain/static/js/react.js:26561:5) @ http://localhost:4002/brain/static/js/vendors-node_modules_pnpm_ant-design_icons_5_6_1_react-dom_18_3_1_react_18_3_1__react_18_3_1_-8c4968.js:34451
[    1766ms] [ERROR] Error: [@formatjs/intl Error MISSING_TRANSLATION] Missing message: "smart_bar_chat_composer_web_search_tooltip" for locale "ja-JP", using id as fallback.

    at new MissingTranslationError (http://localhost:4002/brain/static/js/vendors-node_modules_pnpm_ant-design_icons_5_6_1_react-dom_18_3_1_react_18_3_1__react_18_3_1_-8c4968.js:34068:28)
    at formatMessage (http://localhost:4002/brain/static/js/vendors-node_modules_pnpm_ant-design_icons_5_6_1_react-dom_18_3_1_react_18_3_1__react_18_3_1_-8c4968.js:34234:21)
    at formatMessage (http://localhost:4002/brain/static/js/react.js:30956:64)
    at ChatComposerActions (http://localhost:4002/brain/static/js/index.js:288573:83)
    at renderWithHooks (http://localhost:4002/brain/static/js/react.js:15547:18)
    at updateFunctionComponent (http://localhost:4002/brain/static/js/react.js:19673:20)
    at beginWork (http://localhost:4002/brain/static/js/react.js:21696:16)
    at beginWork$1 (http://localhost:4002/brain/static/js/react.js:27521:14)
    at performUnitOfWork (http://localhost:4002/brain/static/js/react.js:26652:12)
    at workLoopSync (http://localhost:4002/brain/static/js/react.js:26561:5) @ http://localhost:4002/brain/static/js/vendors-node_modules_pnpm_ant-design_icons_5_6_1_react-dom_18_3_1_react_18_3_1__react_18_3_1_-8c4968.js:34451
[    1767ms] [ERROR] Error: [@formatjs/intl Error MISSING_TRANSLATION] Missing message: "smart_bar_personalization_switch_tooltip_defatul_title" for locale "ja-JP", using id as fallback.

    at new MissingTranslationError (http://localhost:4002/brain/static/js/vendors-node_modules_pnpm_ant-design_icons_5_6_1_react-dom_18_3_1_react_18_3_1__react_18_3_1_-8c4968.js:34068:28)
    at formatMessage (http://localhost:4002/brain/static/js/vendors-node_modules_pnpm_ant-design_icons_5_6_1_react-dom_18_3_1_react_18_3_1__react_18_3_1_-8c4968.js:34234:21)
    at formatMessage (http://localhost:4002/brain/static/js/react.js:30956:64)
    at PersonalizationAction (http://localhost:4002/brain/static/js/index.js:291970:95)
    at renderWithHooks (http://localhost:4002/brain/static/js/react.js:15547:18)
    at updateFunctionComponent (http://localhost:4002/brain/static/js/react.js:19673:20)
    at beginWork (http://localhost:4002/brain/static/js/react.js:21696:16)
    at beginWork$1 (http://localhost:4002/brain/static/js/react.js:27521:14)
    at performUnitOfWork (http://localhost:4002/brain/static/js/react.js:26652:12)
    at workLoopSync (http://localhost:4002/brain/static/js/react.js:26561:5) @ http://localhost:4002/brain/static/js/vendors-node_modules_pnpm_ant-design_icons_5_6_1_react-dom_18_3_1_react_18_3_1__react_18_3_1_-8c4968.js:34451
[    1802ms] [LOG] {formats: Object, messages: Object, timeZone: undefined, defaultLocale: en-US, defaultFormats: Object} @ http://localhost:4002/brain/static/js/vendors-node_modules_pnpm_ant-design_icons_5_6_1_react-dom_18_3_1_react_18_3_1__react_18_3_1_-8c4968.js:251759
[    2590ms] [LOG] encrypt aes key by public key success @ http://localhost:4002/brain/static/js/vendors-node_modules_pnpm_ant-design_icons_5_6_1_react-dom_18_3_1_react_18_3_1__react_18_3_1_-8c4968.js:251759
[    2590ms] [LOG] ⬆️ request url: /v2/account/tourist , request data: 👆 {request_id: a8ddd392addb4b558617ecc0cf603991, trace_id: a8ddd392addb4b558617ecc0cf603991, client_version: 5.23.32, platform: Web, product: Notta} @ http://localhost:4002/brain/static/js/vendors-node_modules_pnpm_ant-design_icons_5_6_1_react-dom_18_3_1_react_18_3_1__react_18_3_1_-8c4968.js:251759
[    2799ms] [ERROR] Provider's accounts list is empty. @ http://localhost:4002/brain/login:0
[    3490ms] [LOG] ⬇️ response url:/v2/account/tourist (耗时: 898ms), response: 👇 {request_id: a8ddd392addb4b558617ecc0cf603991, code: 0, msg: success, data: Object} @ http://localhost:4002/brain/static/js/vendors-node_modules_pnpm_ant-design_icons_5_6_1_react-dom_18_3_1_react_18_3_1__react_18_3_1_-8c4968.js:251759
[    3491ms] [LOG] 用户信息发生更改, 更新本地缓存:  UserModel @ http://localhost:4002/brain/static/js/vendors-node_modules_pnpm_ant-design_icons_5_6_1_react-dom_18_3_1_react_18_3_1__react_18_3_1_-8c4968.js:251759
[    3494ms] [LOG] 🔰 根据 Token 生成 Hash 值: 34146b19f9279277 @ http://localhost:4002/brain/static/js/vendors-node_modules_pnpm_ant-design_icons_5_6_1_react-dom_18_3_1_react_18_3_1__react_18_3_1_-8c4968.js:251759
[    3502ms] [LOG] ⬆️ request url: /v0/authorization/list , request data: 👆 {request_id: 6dd6ecf729c449d7b960776cbf96e69b, trace_id: 6dd6ecf729c449d7b960776cbf96e69b, client_version: 5.23.32, platform: Web, product: Notta} @ http://localhost:4002/brain/static/js/vendors-node_modules_pnpm_ant-design_icons_5_6_1_react-dom_18_3_1_react_18_3_1__react_18_3_1_-8c4968.js:251759
[    3503ms] [LOG] ⬆️ request url: /v1/calendar/list , request data: 👆 {request_id: 129d10100e864d47ad236f8c837c3b62, trace_id: 129d10100e864d47ad236f8c837c3b62, client_version: 5.23.32, platform: Web, product: Notta} @ http://localhost:4002/brain/static/js/vendors-node_modules_pnpm_ant-design_icons_5_6_1_react-dom_18_3_1_react_18_3_1__react_18_3_1_-8c4968.js:251759
[    3513ms] [LOG] ⬆️ request url: /v1/s3-key , request data: 👆 {request_id: 56755e62baf944ebba5879032087015e, trace_id: 56755e62baf944ebba5879032087015e, client_version: 5.23.32, platform: Web, product: Notta} @ http://localhost:4002/brain/static/js/vendors-node_modules_pnpm_ant-design_icons_5_6_1_react-dom_18_3_1_react_18_3_1__react_18_3_1_-8c4968.js:251759
[    4441ms] [LOG] ⬇️ response url:/v1/calendar/list (耗时: 937ms), response: 👇 {request_id: 129d10100e864d47ad236f8c837c3b62, code: 42003, msg: uid field error, value: {'request_id': '129d10100e…': 'tourist431fd43a-fd00-40b1-aa01-87350ca41513'}} @ https://us-assets.i.posthog.com/static/posthog-recorder.js?v=1.386.6:0
[    4548ms] [LOG] ⬇️ response url:/v0/authorization/list (耗时: 1044ms), response: 👇 {request_id: 6dd6ecf729c449d7b960776cbf96e69b, code: 0, msg: success, data: Object} @ https://us-assets.i.posthog.com/static/posthog-recorder.js?v=1.386.6:0
[    4698ms] [ERROR] [GSI_LOGGER]: FedCM get() rejects with NetworkError: Error retrieving a token. @ https://us-assets.i.posthog.com/static/posthog-recorder.js?v=1.386.6:0
[    5160ms] [ERROR] Failed to load resource: the server responded with a status of 404 (Not Found) @ http://localhost:4002/favicon.png:0
[    7686ms] [LOG] ⬇️ response url:/v1/s3-key (耗时: 4170ms), response: 👇 {code: 0, msg: success, request_id: 56755e62baf944ebba5879032087015e, data: Object} @ https://us-assets.i.posthog.com/static/posthog-recorder.js?v=1.386.6:0
[    7991ms] [LOG] mc-common.NotifyService --- --- --- subscribe change: {total_events: 4, events: Array(4)} @ https://us-assets.i.posthog.com/static/posthog-recorder.js?v=1.386.6:0
[    8283ms] [LOG] mc-common.NotifyService --- --- --- connect success --- --- --- {connected: true, transport: polling, isWebSocket: false} @ https://us-assets.i.posthog.com/static/posthog-recorder.js?v=1.386.6:0
[    8284ms] [LOG] mc-common.NotifyService --- --- --- joinGroup and subscribe --- --- --- transport: polling  {multi_terminal_login: Array(1), sso_on: Array(1), sso_off: Array(1), update_user_info: Array(1)} @ https://us-assets.i.posthog.com/static/posthog-recorder.js?v=1.386.6:0
[    8525ms] [LOG] mc-common.NotifyService --- --- --- Upgraded to WebSocket {connected: true, transport: websocket, isWebSocket: true} @ https://us-assets.i.posthog.com/static/posthog-recorder.js?v=1.386.6:0
[    8586ms] [LOG] mc-common.NotifyService --- --- --- subscribe change: {total_events: 4, events: Array(4)} @ https://us-assets.i.posthog.com/static/posthog-recorder.js?v=1.386.6:0
[  470998ms] [LOG] carouselItems [Object, Object, Object, Object] @ https://us-assets.i.posthog.com/static/posthog-recorder.js?v=1.386.6:0
[  507014ms] [LOG] carouselItems [Object, Object, Object, Object] @ https://us-assets.i.posthog.com/static/posthog-recorder.js?v=1.386.6:0
[  901608ms] [INFO] [rsbuild] WebSocket connection lost. Reconnecting... @ https://us-assets.i.posthog.com/static/posthog-recorder.js?v=1.386.6:0
[  903112ms] [ERROR] WebSocket connection to 'ws://localhost:4002/rsbuild-hmr?token=5c52229e63c4f944' failed: Error in connection establishment: net::ERR_CONNECTION_REFUSED @ http://localhost:4002/brain/static/js/vendors-node_modules_pnpm_rsbuild_core_1_7_3_node_modules_rsbuild_core_dist_client_overlay_js-17c3c5.js:239
[  905364ms] [ERROR] WebSocket connection to 'ws://localhost:4002/rsbuild-hmr?token=5c52229e63c4f944' failed: Error in connection establishment: net::ERR_CONNECTION_REFUSED @ http://localhost:4002/brain/static/js/vendors-node_modules_pnpm_rsbuild_core_1_7_3_node_modules_rsbuild_core_dist_client_overlay_js-17c3c5.js:239
[  908743ms] [ERROR] WebSocket connection to 'ws://localhost:4002/rsbuild-hmr?token=5c52229e63c4f944' failed: Error in connection establishment: net::ERR_CONNECTION_REFUSED @ http://localhost:4002/brain/static/js/vendors-node_modules_pnpm_rsbuild_core_1_7_3_node_modules_rsbuild_core_dist_client_overlay_js-17c3c5.js:239
[  913808ms] [ERROR] WebSocket connection to 'ws://localhost:4002/rsbuild-hmr?token=5c52229e63c4f944' failed: Error in connection establishment: net::ERR_CONNECTION_REFUSED @ http://localhost:4002/brain/static/js/vendors-node_modules_pnpm_rsbuild_core_1_7_3_node_modules_rsbuild_core_dist_client_overlay_js-17c3c5.js:239
[  921403ms] [ERROR] WebSocket connection to 'ws://localhost:4002/rsbuild-hmr?token=5c52229e63c4f944' failed: Error in connection establishment: net::ERR_CONNECTION_REFUSED @ http://localhost:4002/brain/static/js/vendors-node_modules_pnpm_rsbuild_core_1_7_3_node_modules_rsbuild_core_dist_client_overlay_js-17c3c5.js:239
[  932798ms] [ERROR] WebSocket connection to 'ws://localhost:4002/rsbuild-hmr?token=5c52229e63c4f944' failed: Error in connection establishment: net::ERR_CONNECTION_REFUSED @ http://localhost:4002/brain/static/js/vendors-node_modules_pnpm_rsbuild_core_1_7_3_node_modules_rsbuild_core_dist_client_overlay_js-17c3c5.js:239
[  949894ms] [ERROR] WebSocket connection to 'ws://localhost:4002/rsbuild-hmr?token=5c52229e63c4f944' failed: Error in connection establishment: net::ERR_CONNECTION_REFUSED @ http://localhost:4002/brain/static/js/vendors-node_modules_pnpm_rsbuild_core_1_7_3_node_modules_rsbuild_core_dist_client_overlay_js-17c3c5.js:239
[  975538ms] [ERROR] WebSocket connection to 'ws://localhost:4002/rsbuild-hmr?token=5c52229e63c4f944' failed: Error in connection establishment: net::ERR_CONNECTION_REFUSED @ http://localhost:4002/brain/static/js/vendors-node_modules_pnpm_rsbuild_core_1_7_3_node_modules_rsbuild_core_dist_client_overlay_js-17c3c5.js:239
[ 1014012ms] [ERROR] WebSocket connection to 'ws://localhost:4002/rsbuild-hmr?token=5c52229e63c4f944' failed: Error in connection establishment: net::ERR_CONNECTION_REFUSED @ http://localhost:4002/brain/static/js/vendors-node_modules_pnpm_rsbuild_core_1_7_3_node_modules_rsbuild_core_dist_client_overlay_js-17c3c5.js:239
[ 1071681ms] [ERROR] WebSocket connection to 'ws://localhost:4002/rsbuild-hmr?token=5c52229e63c4f944' failed: Error in connection establishment: net::ERR_CONNECTION_REFUSED @ http://localhost:4002/brain/static/js/vendors-node_modules_pnpm_rsbuild_core_1_7_3_node_modules_rsbuild_core_dist_client_overlay_js-17c3c5.js:239
[ 1158181ms] [ERROR] WebSocket connection to 'ws://localhost:4002/rsbuild-hmr?token=5c52229e63c4f944' failed: Error in connection establishment: net::ERR_CONNECTION_REFUSED @ http://localhost:4002/brain/static/js/vendors-node_modules_pnpm_rsbuild_core_1_7_3_node_modules_rsbuild_core_dist_client_overlay_js-17c3c5.js:239
[ 1287936ms] [ERROR] WebSocket connection to 'ws://localhost:4002/rsbuild-hmr?token=5c52229e63c4f944' failed: Error in connection establishment: net::ERR_CONNECTION_REFUSED @ http://localhost:4002/brain/static/js/vendors-node_modules_pnpm_rsbuild_core_1_7_3_node_modules_rsbuild_core_dist_client_overlay_js-17c3c5.js:239
[ 1482559ms] [ERROR] WebSocket connection to 'ws://localhost:4002/rsbuild-hmr?token=5c52229e63c4f944' failed: Error in connection establishment: net::ERR_CONNECTION_REFUSED @ http://localhost:4002/brain/static/js/vendors-node_modules_pnpm_rsbuild_core_1_7_3_node_modules_rsbuild_core_dist_client_overlay_js-17c3c5.js:239
[ 1774491ms] [ERROR] WebSocket connection to 'ws://localhost:4002/rsbuild-hmr?token=5c52229e63c4f944' failed: Error in connection establishment: net::ERR_CONNECTION_REFUSED @ http://localhost:4002/brain/static/js/vendors-node_modules_pnpm_rsbuild_core_1_7_3_node_modules_rsbuild_core_dist_client_overlay_js-17c3c5.js:239
[ 2021890ms] [INFO] %cDownload the React DevTools for a better development experience: https://reactjs.org/link/react-devtools font-weight:bold @ https://us-assets.i.posthog.com/static/posthog-recorder.js?v=1.386.6:0
[ 2022031ms] Error: Cannot find module 'laoye-prosemirror-utils'
    at webpackMissingModule (eval at ../../packages/domain/src/prosemirror/modules/comment/storage/editor.ts (http://localhost:4002/static/js/index.js:25958:1), <anonymous>:6:50)
    at eval (eval at ../../packages/domain/src/prosemirror/modules/comment/storage/editor.ts (http://localhost:4002/static/js/index.js:25958:1), <anonymous>:6:148)
    at ../../packages/domain/src/prosemirror/modules/comment/storage/editor.ts (http://localhost:4002/static/js/index.js:25958:1)
    at __webpack_require__ (http://localhost:4002/static/js/index.js:28901:21)
    at fn (http://localhost:4002/static/js/index.js:29130:10)
    at eval (eval at ../../packages/domain/src/prosemirror/modules/comment/storage/index.ts (http://localhost:4002/static/js/index.js:25963:1), <anonymous>:10:60)
    at ../../packages/domain/src/prosemirror/modules/comment/storage/index.ts (http://localhost:4002/static/js/index.js:25963:1)
    at __webpack_require__ (http://localhost:4002/static/js/index.js:28901:21)
    at fn (http://localhost:4002/static/js/index.js:29130:10)
    at eval (eval at ../../packages/domain/src/prosemirror/modules/comment/index.ts (http://localhost:4002/static/js/index.js:25908:1), <anonymous>:15:61)
[ 2022073ms] [INFO] [HMR] connected. @ https://us-assets.i.posthog.com/static/posthog-recorder.js?v=1.386.6:0
[ 2022097ms] [ERROR] File: /Users/williamchen/notta_monorepo/apps/notta-web/src/components/loitte-animate/index.tsx:1:1
  × Module not found: Can't resolve 'react-lottie' in '/Users/williamchen/notta_monorepo/apps/notta-web/src/components/loitte-animate'
   ╭─[4:19]
 2 │ var _s = $RefreshSig$();
 3 │ import { memo, useState } from 'react';
 4 │ import Loitte from 'react-lottie';
   ·                    ──────────────
 5 │ import { useMount } from 'ahooks';
 6 │ import { MCLogger } from '@mc/web-base-utils';
   ╰──── @ https://us-assets.i.posthog.com/static/posthog-recorder.js?v=1.386.6:0
[ 2022097ms] [ERROR] File: /Users/williamchen/notta_monorepo/apps/notta-web/src/modules/agents/hooks/use-speaker-unknown-speaker-target.tsx:1:1
  × Module not found: Can't resolve 'laoye-prosemirror-utils' in '/Users/williamchen/notta_monorepo/apps/notta-web/src/modules/agents/hooks'
   ╭─[3:20]
 1 │ var _s = $RefreshSig$();
 2 │ import { useCallback } from 'react';
 3 │ import PMUtils from 'laoye-prosemirror-utils';
   ·                     ─────────────────────────
 4 │ import { assemblingSpeakerInfo, NodeTypeEnum, useResourceSpeakersDomain, useTranscriptionDomain } from '@notta/domain';
 5 │ export function useSpeakerUnknownSpeakerTarget() {
   ╰──── @ https://us-assets.i.posthog.com/static/posthog-recorder.js?v=1.386.6:0
[ 2022097ms] [ERROR] File: /Users/williamchen/notta_monorepo/apps/notta-web/src/modules/prosemirror/core/commands/methods/selection.ts:1:1
  × Module not found: Can't resolve 'laoye-prosemirror-utils' in '/Users/williamchen/notta_monorepo/apps/notta-web/src/modules/prosemirror/core/commands/methods'
   ╭─[1:20]
 1 │ import PMUtils from 'laoye-prosemirror-utils';
   ·                     ─────────────────────────
 2 │ import { GroupSpecEnum } from '@notta/domain';
 3 │ /**
   ╰──── @ https://us-assets.i.posthog.com/static/posthog-recorder.js?v=1.386.6:0
[ 2022097ms] [ERROR] File: /Users/williamchen/notta_monorepo/apps/notta-web/src/modules/prosemirror/core/commands/schemas/attrs/indent.ts:1:1
  × Module not found: Can't resolve 'laoye-prosemirror-utils' in '/Users/williamchen/notta_monorepo/apps/notta-web/src/modules/prosemirror/core/commands/schemas/attrs'
   ╭─[1:20]
 1 │ import PMUtils from 'laoye-prosemirror-utils';
   ·                     ─────────────────────────
 2 │ import { GroupSpecEnum, NodeTypeEnum } from '@notta/domain';
 3 │ import { UICommand } from '../UICommand';
   ╰──── @ https://us-assets.i.posthog.com/static/posthog-recorder.js?v=1.386.6:0
[ 2022097ms] [ERROR] File: /Users/williamchen/notta_monorepo/apps/notta-web/src/modules/prosemirror/core/commands/schemas/mark/comment.ts:1:1
  × Module not found: Can't resolve 'laoye-prosemirror-utils' in '/Users/williamchen/notta_monorepo/apps/notta-web/src/modules/prosemirror/core/commands/schemas/mark'
   ╭─[1:20]
 1 │ import PMUtils from 'laoye-prosemirror-utils';
   ·                     ─────────────────────────
 2 │ import { TextSelection } from 'prosemirror-state';
 3 │ import { MCLogger } from '@mc/web-base-utils';
   ╰──── @ https://us-assets.i.posthog.com/static/posthog-recorder.js?v=1.386.6:0
[ 2022097ms] [ERROR] File: /Users/williamchen/notta_monorepo/apps/notta-web/src/modules/prosemirror/core/commands/schemas/mark/toggle.ts:1:1
  × Module not found: Can't resolve 'laoye-prosemirror-utils' in '/Users/williamchen/notta_monorepo/apps/notta-web/src/modules/prosemirror/core/commands/schemas/mark'
   ╭─[1:20]
 1 │ import PMUtils from 'laoye-prosemirror-utils';
   ·                     ─────────────────────────
 2 │ import { MarkTypeEnum } from '@notta/domain';
 3 │ import { UICommand } from '../UICommand';
   ╰──── @ https://us-assets.i.posthog.com/static/posthog-recorder.js?v=1.386.6:0
[ 2022097ms] [ERROR] File: /Users/williamchen/notta_monorepo/apps/notta-web/src/modules/prosemirror/core/components/nodes/comment-stream/CommentReplySlot.tsx:1:1
  × Module not found: Can't resolve 'laoye-prosemirror-utils' in '/Users/williamchen/notta_monorepo/apps/notta-web/src/modules/prosemirror/core/components/nodes/comment-stream'
   ╭─[4:20]
 2 │ var _s = $RefreshSig$();
 3 │ import { useState } from 'react';
 4 │ import PMUtils from 'laoye-prosemirror-utils';
   ·                     ─────────────────────────
 5 │ import { GaDataLayer } from '@notta/base';
 6 │ import { commentFactory, NodeTypeEnum, useAccountDomain, useGlobalDomain } from '@notta/domain';
   ╰──── @ https://us-assets.i.posthog.com/static/posthog-recorder.js?v=1.386.6:0
[ 2022097ms] [ERROR] File: /Users/williamchen/notta_monorepo/apps/notta-web/src/modules/prosemirror/core/views/notepad-view/node-handler/handle-inserter/index.tsx:1:1
  × Module not found: Can't resolve 'laoye-prosemirror-utils' in '/Users/williamchen/notta_monorepo/apps/notta-web/src/modules/prosemirror/core/views/notepad-view/node-handler/handle-inserter'
   ╭─[4:20]
 2 │ var _s = $RefreshSig$();
 3 │ import classNames from 'classnames';
 4 │ import PMUtils from 'laoye-prosemirror-utils';
   ·                     ─────────────────────────
 5 │ import { PublicAdd } from 'notta-web-icon';
 6 │ import { NodeSelection } from 'prosemirror-state';
   ╰──── @ https://us-assets.i.posthog.com/static/posthog-recorder.js?v=1.386.6:0
[ 2022097ms] [ERROR] File: /Users/williamchen/notta_monorepo/apps/notta-web/src/modules/prosemirror/editors/parameter-editor/plugins/components/index.tsx:1:1
  × Module not found: Can't resolve 'laoye-prosemirror-utils' in '/Users/williamchen/notta_monorepo/apps/notta-web/src/modules/prosemirror/editors/parameter-editor/plugins/components'
   ╭─[7:20]
 5 │ import { useMemoizedFn } from 'ahooks';
 6 │ import { Tooltip } from 'antd';
 7 │ import PMUtils from 'laoye-prosemirror-utils';
   ·                     ─────────────────────────
 8 │ import { RecordLayoutEnum } from '@notta/base';
 9 │ import { NodeTypeEnum, useGlobalDomain } from '@notta/domain';
   ╰──── @ https://us-assets.i.posthog.com/static/posthog-recorder.js?v=1.386.6:0
[ 2022097ms] [ERROR] File: /Users/williamchen/notta_monorepo/apps/notta-web/src/modules/prosemirror/exposes/ai-notes-exposes/configs/keymap.ts:1:1
  × Module not found: Can't resolve 'laoye-prosemirror-utils' in '/Users/williamchen/notta_monorepo/apps/notta-web/src/modules/prosemirror/exposes/ai-notes-exposes/configs'
   ╭─[1:20]
 1 │ import PMUtils from 'laoye-prosemirror-utils';
   ·                     ─────────────────────────
 2 │ import { redo, undo } from 'prosemirror-history';
 3 │ import { changeToParagraphCommand, decreaseIndentCommand, deleteSelectionCommand, INDENT_COMMAND, insertSiblingTextCommand, joinBackwardCommand, MARK_SETTING_COMMAND, selectionNodeCommand, splitEnterCommand } from '@notta/prosemirror-module/core';
   ╰──── @ https://us-assets.i.posthog.com/static/posthog-recorder.js?v=1.386.6:0
[ 2022097ms] [ERROR] File: /Users/williamchen/notta_monorepo/apps/notta-web/src/modules/prosemirror/exposes/ai-notes-exposes/fragments/summary_accuracy_questionnaire/questionnaire-entrance.tsx:1:1
  × Module not found: Can't resolve 'laoye-prosemirror-utils' in '/Users/williamchen/notta_monorepo/apps/notta-web/src/modules/prosemirror/exposes/ai-notes-exposes/fragments/summary_accuracy_questionnaire'
   ╭─[6:20]
 4 │ import { useEffect, useState } from 'react';
 5 │ import { useMemoizedFn } from 'ahooks';
 6 │ import PMUtils from 'laoye-prosemirror-utils';
   ·                     ─────────────────────────
 7 │ import { GaDataLayer, LLMGenerationEnum } from '@notta/base';
 8 │ import { getCurrentMembership, NodeTypeEnum, useNotepadDomain } from '@notta/domain';
   ╰──── @ https://us-assets.i.posthog.com/static/posthog-recorder.js?v=1.386.6:0
[ 2022097ms] [ERROR] File: /Users/williamchen/notta_monorepo/apps/notta-web/src/modules/prosemirror/plugins/comment/mention/components/index.tsx:1:1
  × Module not found: Can't resolve 'laoye-prosemirror-utils' in '/Users/williamchen/notta_monorepo/apps/notta-web/src/modules/prosemirror/plugins/comment/mention/components'
   ╭─[5:20]
 3 │ import { forwardRef, useImperativeHandle, useRef, useState } from 'react';
 4 │ import { useMemoizedFn } from 'ahooks';
 5 │ import PMUtils from 'laoye-prosemirror-utils';
   ·                     ─────────────────────────
 6 │ import { RecordLayoutEnum } from '@notta/base';
 7 │ import { MentionList } from './mention-list';
   ╰──── @ https://us-assets.i.posthog.com/static/posthog-recorder.js?v=1.386.6:0
[ 2022098ms] [ERROR] File: /Users/williamchen/notta_monorepo/apps/notta-web/src/modules/prosemirror/plugins/common/dragger/index.ts:1:1
  × Module not found: Can't resolve 'laoye-prosemirror-utils' in '/Users/williamchen/notta_monorepo/apps/notta-web/src/modules/prosemirror/plugins/common/dragger'
   ╭─[1:20]
 1 │ import PMUtils from 'laoye-prosemirror-utils';
   ·                     ─────────────────────────
 2 │ import { NodeSelection, Plugin } from 'prosemirror-state';
 3 │ import { dropPoint } from 'prosemirror-transform';
   ╰──── @ https://us-assets.i.posthog.com/static/posthog-recorder.js?v=1.386.6:0
[ 2022098ms] [ERROR] File: /Users/williamchen/notta_monorepo/apps/notta-web/src/modules/prosemirror/plugins/common/ui-interaction/index.ts:1:1
  × Module not found: Can't resolve 'laoye-prosemirror-utils' in '/Users/williamchen/notta_monorepo/apps/notta-web/src/modules/prosemirror/plugins/common/ui-interaction'
   ╭─[1:20]
 1 │ import PMUtils from 'laoye-prosemirror-utils';
   ·                     ─────────────────────────
 2 │ import { NodeSelection, Plugin, TextSelection } from 'prosemirror-state';
 3 │ import { Decoration, DecorationSet } from 'prosemirror-view';
   ╰──── @ https://us-assets.i.posthog.com/static/posthog-recorder.js?v=1.386.6:0
[ 2022098ms] [ERROR] File: /Users/williamchen/notta_monorepo/apps/notta-web/src/modules/prosemirror/plugins/notepad/ai_regenerate/utils/index.ts:1:1
  × Module not found: Can't resolve 'laoye-prosemirror-utils' in '/Users/williamchen/notta_monorepo/apps/notta-web/src/modules/prosemirror/plugins/notepad/ai_regenerate/utils'
   ╭─[1:20]
 1 │ import PMUtils from 'laoye-prosemirror-utils';
   ·                     ─────────────────────────
 2 │ import { LLMGenerationEnum } from '@notta/base';
 3 │ import { isGeneratingAIBlock } from '@/modules/prosemirror/utils';
   ╰──── @ https://us-assets.i.posthog.com/static/posthog-recorder.js?v=1.386.6:0
[ 2022098ms] [ERROR] File: /Users/williamchen/notta_monorepo/apps/notta-web/src/modules/prosemirror/plugins/notepad/controller/events/update-assignee-nickname.ts:1:1
  × Module not found: Can't resolve 'laoye-prosemirror-utils' in '/Users/williamchen/notta_monorepo/apps/notta-web/src/modules/prosemirror/plugins/notepad/controller/events'
   ╭─[1:20]
 1 │ import PMUtils from 'laoye-prosemirror-utils';
   ·                     ─────────────────────────
 2 │ import { MCLogger } from '@mc/web-base-utils';
 3 │ import { memberDomain, NodeTypeEnum } from '@notta/domain';
   ╰──── @ https://us-assets.i.posthog.com/static/posthog-recorder.js?v=1.386.6:0
[ 2022098ms] [ERROR] File: /Users/williamchen/notta_monorepo/apps/notta-web/src/modules/prosemirror/plugins/notepad/toolbar-selection-text/plugin-view/index.tsx:1:1
  × Module not found: Can't resolve 'laoye-prosemirror-utils' in '/Users/williamchen/notta_monorepo/apps/notta-web/src/modules/prosemirror/plugins/notepad/toolbar-selection-text/plugin-view'
   ╭─[5:20]
 3 │ import { forwardRef, useEffect, useImperativeHandle, useRef, useState } from 'react';
 4 │ import { useMemoizedFn } from 'ahooks';
 5 │ import PMUtils from 'laoye-prosemirror-utils';
   ·                     ─────────────────────────
 6 │ import { MCLogger } from '@mc/web-base-utils';
 7 │ import { notepadDomain, useGlobalDomain, useLayoutDomain, useNotepadDomain } from '@notta/domain';
   ╰──── @ https://us-assets.i.posthog.com/static/posthog-recorder.js?v=1.386.6:0
[ 2022098ms] [ERROR] File: /Users/williamchen/notta_monorepo/apps/notta-web/src/modules/prosemirror/plugins/notepad/toolbar-selection-text/plugin-view/views/section-primary-nodes/index.tsx:1:1
  × Module not found: Can't resolve 'laoye-prosemirror-utils' in '/Users/williamchen/notta_monorepo/apps/notta-web/src/modules/prosemirror/plugins/notepad/toolbar-selection-text/plugin-view/views/section-primary-nodes'
   ╭─[6:20]
 4 │ import { useMemoizedFn } from 'ahooks';
 5 │ import { Dropdown } from 'antd';
 6 │ import PMUtils from 'laoye-prosemirror-utils';
   ·                     ─────────────────────────
 7 │ import { NotesText } from 'notta-web-icon';
 8 │ import { McActionItem, NotepadAISelector } from '@notta/components';
   ╰──── @ https://us-assets.i.posthog.com/static/posthog-recorder.js?v=1.386.6:0
[ 2022098ms] [ERROR] File: /Users/williamchen/notta_monorepo/apps/notta-web/src/modules/prosemirror/plugins/notepad/toolbar-shortcut/index.ts:1:1
  × Module not found: Can't resolve 'laoye-prosemirror-utils' in '/Users/williamchen/notta_monorepo/apps/notta-web/src/modules/prosemirror/plugins/notepad/toolbar-shortcut'
   ╭─[1:20]
 1 │ import PMUtils from 'laoye-prosemirror-utils';
   ·                     ─────────────────────────
 2 │ import { Plugin } from 'prosemirror-state';
 3 │ import { convertWidthChars, GaDataLayer, HalfWidthEnum, isSafeWidthChar } from '@notta/base';
   ╰──── @ https://us-assets.i.posthog.com/static/posthog-recorder.js?v=1.386.6:0
[ 2022098ms] [ERROR] File: /Users/williamchen/notta_monorepo/apps/notta-web/src/modules/prosemirror/plugins/notepad/toolbar-summary-ai/index.ts:1:1
  × Module not found: Can't resolve 'laoye-prosemirror-utils' in '/Users/williamchen/notta_monorepo/apps/notta-web/src/modules/prosemirror/plugins/notepad/toolbar-summary-ai'
   ╭─[1:20]
 1 │ import PMUtils from 'laoye-prosemirror-utils';
   ·                     ─────────────────────────
 2 │ import { Plugin } from 'prosemirror-state';
 3 │ import { emitter, GaDataLayer, HalfWidthEnum, isSafeWidthChar } from '@notta/base';
   ╰──── @ https://us-assets.i.posthog.com/static/posthog-recorder.js?v=1.386.6:0
[ 2022098ms] [ERROR] File: /Users/williamchen/notta_monorepo/apps/notta-web/src/modules/prosemirror/plugins/transcription/controller/events/repair-abnormal-word.ts:1:1
  × Module not found: Can't resolve 'laoye-prosemirror-utils' in '/Users/williamchen/notta_monorepo/apps/notta-web/src/modules/prosemirror/plugins/transcription/controller/events'
   ╭─[1:20]
 1 │ import PMUtils from 'laoye-prosemirror-utils';
   ·                     ─────────────────────────
 2 │ import { MCLogger } from '@mc/web-base-utils';
 3 │ import { MarkTypeEnum, MC_PMUtils, NodeTypeEnum } from '@notta/domain';
   ╰──── @ https://us-assets.i.posthog.com/static/posthog-recorder.js?v=1.386.6:0
[ 2022098ms] [ERROR] File: /Users/williamchen/notta_monorepo/apps/notta-web/src/modules/prosemirror/plugins/transcription/playback-highlight/index.ts:1:1
  × Module not found: Can't resolve 'laoye-prosemirror-utils' in '/Users/williamchen/notta_monorepo/apps/notta-web/src/modules/prosemirror/plugins/transcription/playback-highlight'
   ╭─[1:20]
 1 │ import PMUtils from 'laoye-prosemirror-utils';
   ·                     ─────────────────────────
 2 │ import { Plugin, PluginKey, TextSelection } from 'prosemirror-state';
 3 │ import { DecorationSet } from 'prosemirror-view';
   ╰──── @ https://us-assets.i.posthog.com/static/posthog-recorder.js?v=1.386.6:0
[ 2022098ms] [ERROR] File: /Users/williamchen/notta_monorepo/apps/notta-web/src/modules/prosemirror/plugins/transcription/playback-highlight/utils.ts:1:1
  × Module not found: Can't resolve 'laoye-prosemirror-utils' in '/Users/williamchen/notta_monorepo/apps/notta-web/src/modules/prosemirror/plugins/transcription/playback-highlight'
   ╭─[1:20]
 1 │ import PMUtils from 'laoye-prosemirror-utils';
   ·                     ─────────────────────────
 2 │ import { Decoration, DecorationSet } from 'prosemirror-view';
 3 │ import { MCLogger } from '@mc/web-base-utils';
   ╰──── @ https://us-assets.i.posthog.com/static/posthog-recorder.js?v=1.386.6:0
[ 2022098ms] [ERROR] File: /Users/williamchen/notta_monorepo/apps/notta-web/src/modules/prosemirror/plugins/transcription/toolbar-comment/components/common-toolbar.tsx:1:1
  × Module not found: Can't resolve 'laoye-prosemirror-utils' in '/Users/williamchen/notta_monorepo/apps/notta-web/src/modules/prosemirror/plugins/transcription/toolbar-comment/components'
   ╭─[5:20]
 3 │ import { useEffect, useRef, useState } from 'react';
 4 │ import { useMemoizedFn } from 'ahooks';
 5 │ import PMUtils from 'laoye-prosemirror-utils';
   ·                     ─────────────────────────
 6 │ import { getUuid, MCLogger } from '@mc/web-base-utils';
 7 │ import { RecordLayoutEnum } from '@notta/base';
   ╰──── @ https://us-assets.i.posthog.com/static/posthog-recorder.js?v=1.386.6:0
[ 2022098ms] [ERROR] File: /Users/williamchen/notta_monorepo/apps/notta-web/src/modules/prosemirror/plugins/transcription/toolbar-hovering/image-uploader/utils.ts:1:1
  × Module not found: Can't resolve 'laoye-prosemirror-utils' in '/Users/williamchen/notta_monorepo/apps/notta-web/src/modules/prosemirror/plugins/transcription/toolbar-hovering/image-uploader'
   ╭─[2:20]
 1 │ import { message } from 'antd';
 2 │ import PMUtils from 'laoye-prosemirror-utils';
   ·                     ─────────────────────────
 3 │ import { MCLogger } from '@mc/web-base-utils';
 4 │ import { accountDomain, globalDomain, ImagesStepEnum, MetaEnum, resourceDomain, transcribeDomain, transcriptionDomain, UPLOAD_IMAGES_MAX_NUMBER, websocketSessionManager } from '@notta/domain';
   ╰──── @ https://us-assets.i.posthog.com/static/posthog-recorder.js?v=1.386.6:0
[ 2022098ms] [ERROR] File: /Users/williamchen/notta_monorepo/apps/notta-web/src/modules/prosemirror/plugins/transcription/toolbar-multiple/index.tsx:1:1
  × Module not found: Can't resolve 'laoye-prosemirror-utils' in '/Users/williamchen/notta_monorepo/apps/notta-web/src/modules/prosemirror/plugins/transcription/toolbar-multiple'
   ╭─[1:20]
 1 │ import PMUtils from 'laoye-prosemirror-utils';
   ·                     ─────────────────────────
 2 │ import { Plugin } from 'prosemirror-state';
 3 │ import { Decoration, DecorationSet } from 'prosemirror-view';
   ╰──── @ https://us-assets.i.posthog.com/static/posthog-recorder.js?v=1.386.6:0
[ 2022098ms] [ERROR] File: /Users/williamchen/notta_monorepo/apps/notta-web/src/modules/prosemirror/plugins/transcription/toolbar-multiple/plugin-viewer/hooks/use-multiple-keyboard-control.ts:1:1
  × Module not found: Can't resolve 'laoye-prosemirror-utils' in '/Users/williamchen/notta_monorepo/apps/notta-web/src/modules/prosemirror/plugins/transcription/toolbar-multiple/plugin-viewer/hooks'
   ╭─[3:20]
 1 │ import { useEffect } from 'react';
 2 │ import { useMemoizedFn } from 'ahooks';
 3 │ import PMUtils from 'laoye-prosemirror-utils';
   ·                     ─────────────────────────
 4 │ import { Decoration } from 'prosemirror-view';
 5 │ import { useResourceDomain } from '@notta/domain';
   ╰──── @ https://us-assets.i.posthog.com/static/posthog-recorder.js?v=1.386.6:0
[ 2022098ms] [ERROR] File: /Users/williamchen/notta_monorepo/apps/notta-web/src/modules/prosemirror/plugins/transcription/toolbar-multiple/plugin-viewer/utils/index.ts:1:1
  × Module not found: Can't resolve 'laoye-prosemirror-utils' in '/Users/williamchen/notta_monorepo/apps/notta-web/src/modules/prosemirror/plugins/transcription/toolbar-multiple/plugin-viewer/utils'
   ╭─[2:20]
 1 │ import throttle from "lodash-es/throttle";
 2 │ import PMUtils from 'laoye-prosemirror-utils';
   ·                     ─────────────────────────
 3 │ import { Decoration } from 'prosemirror-view';
 4 │ import { layoutDomain, NodeTypeEnum, resourceDomain, transcriptionDomain } from '@notta/domain';
   ╰──── @ https://us-assets.i.posthog.com/static/posthog-recorder.js?v=1.386.6:0
[ 2022098ms] [ERROR] File: /Users/williamchen/notta_monorepo/apps/notta-web/src/modules/prosemirror/plugins/transcription/toolbar-multiple/plugin-viewer/views/index.tsx:1:1
  × Module not found: Can't resolve 'laoye-prosemirror-utils' in '/Users/williamchen/notta_monorepo/apps/notta-web/src/modules/prosemirror/plugins/transcription/toolbar-multiple/plugin-viewer/views'
   ╭─[6:20]
 4 │ import { createPortal } from 'react-dom';
 5 │ import { useMemoizedFn } from 'ahooks';
 6 │ import PMUtils from 'laoye-prosemirror-utils';
   ·                     ─────────────────────────
 7 │ import { transcriptionDomain, useLayoutDomain } from '@notta/domain';
 8 │ import { useMultipleKeyboardControl } from '../hooks';
   ╰──── @ https://us-assets.i.posthog.com/static/posthog-recorder.js?v=1.386.6:0
[ 2022098ms] [ERROR] File: /Users/williamchen/notta_monorepo/apps/notta-web/src/modules/prosemirror/plugins/transcription/toolbar-multiple/plugin-viewer/views/toolbar-actions/ActionShare.tsx:1:1
  × Module not found: Can't resolve 'laoye-prosemirror-utils' in '/Users/williamchen/notta_monorepo/apps/notta-web/src/modules/prosemirror/plugins/transcription/toolbar-multiple/plugin-viewer/views/toolbar-actions'
   ╭─[4:20]
 2 │ var _s = $RefreshSig$();
 3 │ import { memo } from 'react';
 4 │ import PMUtils from 'laoye-prosemirror-utils';
   ·                     ─────────────────────────
 5 │ import { RecordsShare } from 'notta-web-icon';
 6 │ import { useGlobalDomain } from '@notta/domain';
   ╰──── @ https://us-assets.i.posthog.com/static/posthog-recorder.js?v=1.386.6:0
[ 2022098ms] [ERROR] File: /Users/williamchen/notta_monorepo/apps/notta-web/src/modules/prosemirror/plugins/transcription/toolbar-selection/index.ts:1:1
  × Module not found: Can't resolve 'laoye-prosemirror-utils' in '/Users/williamchen/notta_monorepo/apps/notta-web/src/modules/prosemirror/plugins/transcription/toolbar-selection'
   ╭─[1:20]
 1 │ import PMUtils from 'laoye-prosemirror-utils';
   ·                     ─────────────────────────
 2 │ import { Plugin } from 'prosemirror-state';
 3 │ import { globalDomain, layoutDomain, MC_PMUtils, NodeTypeEnum } from '@notta/domain';
   ╰──── @ https://us-assets.i.posthog.com/static/posthog-recorder.js?v=1.386.6:0
[ 2022098ms] [ERROR] File: /Users/williamchen/notta_monorepo/apps/notta-web/src/modules/prosemirror/plugins/transcription/toolbar-selection/plugin-view/index.tsx:1:1
  × Module not found: Can't resolve 'laoye-prosemirror-utils' in '/Users/williamchen/notta_monorepo/apps/notta-web/src/modules/prosemirror/plugins/transcription/toolbar-selection/plugin-view'
   ╭─[5:20]
 3 │ import { forwardRef, useEffect, useImperativeHandle, useState } from 'react';
 4 │ import { useMemoizedFn, useUnmount } from 'ahooks';
 5 │ import PMUtils from 'laoye-prosemirror-utils';
   ·                     ─────────────────────────
 6 │ import { dataAttr } from '@notta/base';
 7 │ import { transcriptionDomain, useLayoutDomain, useResourceDomain, useTranscriptionDomain } from '@notta/domain';
   ╰──── @ https://us-assets.i.posthog.com/static/posthog-recorder.js?v=1.386.6:0
[ 2022098ms] [ERROR] File: /Users/williamchen/notta_monorepo/apps/notta-web/src/modules/prosemirror/utils/business/images.ts:1:1
  × Module not found: Can't resolve 'laoye-prosemirror-utils' in '/Users/williamchen/notta_monorepo/apps/notta-web/src/modules/prosemirror/utils/business'
   ╭─[6:20]
 4 │  *   - 业务场景：节点删除、选区删除、键盘指令、节点合并
 5 │  */ import { message } from 'antd';
 6 │ import PMUtils from 'laoye-prosemirror-utils';
   ·                     ─────────────────────────
 7 │ import { MAX_UPLOAD_FILE_SIZE_IN_M } from '@notta/base';
 8 │ import { globalDomain } from '@notta/domain';
   ╰──── @ https://us-assets.i.posthog.com/static/posthog-recorder.js?v=1.386.6:0
[ 2022098ms] [ERROR] File: /Users/williamchen/notta_monorepo/apps/notta-web/src/modules/prosemirror/utils/business/multilingual.ts:1:1
  × Module not found: Can't resolve 'laoye-prosemirror-utils' in '/Users/williamchen/notta_monorepo/apps/notta-web/src/modules/prosemirror/utils/business'
   ╭─[1:20]
 1 │ import PMUtils from 'laoye-prosemirror-utils';
   ·                     ─────────────────────────
 2 │ import { TextSelection } from 'prosemirror-state';
 3 │ import { GaDataLayer } from '@notta/base';
   ╰──── @ https://us-assets.i.posthog.com/static/posthog-recorder.js?v=1.386.6:0
[ 2022098ms] [ERROR] File: /Users/williamchen/notta_monorepo/apps/notta-web/src/modules/prosemirror/utils/business/summary-generating.ts:1:1
  × Module not found: Can't resolve 'laoye-prosemirror-utils' in '/Users/williamchen/notta_monorepo/apps/notta-web/src/modules/prosemirror/utils/business'
   ╭─[2:20]
 1 │ import { message } from 'antd';
 2 │ import PMUtils from 'laoye-prosemirror-utils';
   ·                     ─────────────────────────
 3 │ import { TextSelection } from 'prosemirror-state';
 4 │ import { LLMGenerationEnum } from '@notta/base';
   ╰──── @ https://us-assets.i.posthog.com/static/posthog-recorder.js?v=1.386.6:0
[ 2022098ms] [ERROR] File: /Users/williamchen/notta_monorepo/apps/notta-web/src/modules/prosemirror/utils/copy-contents/transcription.ts:1:1
  × Module not found: Can't resolve 'laoye-prosemirror-utils' in '/Users/williamchen/notta_monorepo/apps/notta-web/src/modules/prosemirror/utils/copy-contents'
   ╭─[4:20]
 2 │ import copy from 'copy-to-clipboard';
 3 │ import dayjs from 'dayjs';
 4 │ import PMUtils from 'laoye-prosemirror-utils';
   ·                     ─────────────────────────
 5 │ import { emitter } from '@notta/base';
 6 │ import { getLocalTimezone, globalDomain, NodeTypeEnum, transcriptionDomain, TranslatedShowModelEnum } from '@notta/domain';
   ╰──── @ https://us-assets.i.posthog.com/static/posthog-recorder.js?v=1.386.6:0
[ 2022098ms] [ERROR] File: /Users/williamchen/notta_monorepo/apps/notta-web/src/modules/resource/modules/resource-detail/layout/header/operation-area/OperationAgentChat.tsx:1:1
  × Module not found: Can't resolve 'laoye-prosemirror-utils' in '/Users/williamchen/notta_monorepo/apps/notta-web/src/modules/resource/modules/resource-detail/layout/header/operation-area'
   ╭─[5:20]
 3 │ import { memo, useMemo } from 'react';
 4 │ import { useMemoizedFn } from 'ahooks';
 5 │ import PMUtils from 'laoye-prosemirror-utils';
   ·                     ─────────────────────────
 6 │ import { SalesAgentFeatureEnum, transcriptionDomain, useAgentsDomain, useResourceDomain, useSalesAgentEnabled, useSalesAgentFeatureEnabled, useTranscriptionDomain } from '@notta/domain';
 7 │ import { AgentChatButton } from '@/modules/resource/components';
   ╰──── @ https://us-assets.i.posthog.com/static/posthog-recorder.js?v=1.386.6:0
[ 2022098ms] [ERROR] File: /Users/williamchen/notta_monorepo/apps/notta-web/src/modules/transcribe/modules/transcribe-entrances/entrance-btn/index.tsx:1:1
  × Module not found: Can't resolve 'react-lottie' in '/Users/williamchen/notta_monorepo/apps/notta-web/src/modules/transcribe/modules/transcribe-entrances/entrance-btn'
   ╭─[4:19]
 2 │ var _s = $RefreshSig$();
 3 │ import { memo, useState } from 'react';
 4 │ import Loitte from 'react-lottie';
   ·                    ──────────────
 5 │ import { useMemoizedFn, useMount } from 'ahooks';
 6 │ import cls from 'classnames';
   ╰──── @ https://us-assets.i.posthog.com/static/posthog-recorder.js?v=1.386.6:0
[ 2022098ms] [ERROR] File: /Users/williamchen/notta_monorepo/packages/components/src/ui/mc-llm-status-icon/index.tsx:1:1
  × Module not found: Can't resolve 'react-lottie' in '/Users/williamchen/notta_monorepo/packages/components/src/ui/mc-llm-status-icon'
   ╭─[2:19]
 1 │ import { jsxDEV as _jsxDEV } from "react/jsx-dev-runtime";
 2 │ import Lottie from 'react-lottie';
   ·                    ──────────────
 3 │ import { McSpin } from '../mc-spin';
 4 │ import { ReactComponent as LLMGeneratingSvg } from './llm-generating.svg';
   ╰──── @ https://us-assets.i.posthog.com/static/posthog-recorder.js?v=1.386.6:0
[ 2022098ms] [ERROR] File: /Users/williamchen/notta_monorepo/packages/domain/src/prosemirror/modules/comment/storage/editor.ts:1:1
  × Module not found: Can't resolve 'laoye-prosemirror-utils' in '/Users/williamchen/notta_monorepo/packages/domain/src/prosemirror/modules/comment/storage'
   ╭─[2:20]
 1 │ import isEmpty from "lodash-es/isEmpty";
 2 │ import PMUtils from 'laoye-prosemirror-utils';
   ·                     ─────────────────────────
 3 │ import { MCLogger } from '@mc/web-base-utils';
 4 │ import { NodeTypeEnum } from '@notta/domain';
   ╰──── @ https://us-assets.i.posthog.com/static/posthog-recorder.js?v=1.386.6:0
[ 2022099ms] [ERROR] File: /Users/williamchen/notta_monorepo/packages/domain/src/prosemirror/modules/notepad/utils/public.ts:1:1
  × Module not found: Can't resolve 'laoye-prosemirror-utils' in '/Users/williamchen/notta_monorepo/packages/domain/src/prosemirror/modules/notepad/utils'
   ╭─[1:20]
 1 │ import PMUtils from 'laoye-prosemirror-utils';
   ·                     ─────────────────────────
 2 │ import { NodeTypeEnum } from '@notta/domain';
 3 │ import { notepadDomain } from '../store';
   ╰──── @ https://us-assets.i.posthog.com/static/posthog-recorder.js?v=1.386.6:0
[ 2022099ms] [ERROR] File: /Users/williamchen/notta_monorepo/packages/domain/src/prosemirror/modules/transcription/services/comment.ts:1:1
  × Module not found: Can't resolve 'laoye-prosemirror-utils' in '/Users/williamchen/notta_monorepo/packages/domain/src/prosemirror/modules/transcription/services'
   ╭─[1:20]
 1 │ import PMUtils from 'laoye-prosemirror-utils';
   ·                     ─────────────────────────
 2 │ import { MarkTypeEnum, NodeTypeEnum } from '@notta/domain';
 3 │ import { commentDomain } from '../../comment';
   ╰──── @ https://us-assets.i.posthog.com/static/posthog-recorder.js?v=1.386.6:0
[ 2022099ms] [ERROR] File: /Users/williamchen/notta_monorepo/packages/domain/src/prosemirror/utils/node.ts:1:1
  × Module not found: Can't resolve 'laoye-prosemirror-utils' in '/Users/williamchen/notta_monorepo/packages/domain/src/prosemirror/utils'
   ╭─[1:20]
 1 │ import PMUtils from 'laoye-prosemirror-utils';
   ·                     ─────────────────────────
 2 │ import { globalDomain, resourceDomain } from '@notta/domain';
 3 │ import { MAX_EDIT_STEPS_FOR_VIEW_UPDATE } from '../common';
   ╰──── @ https://us-assets.i.posthog.com/static/posthog-recorder.js?v=1.386.6:0
[ 2165971ms] [ERROR] File: /Users/williamchen/notta_monorepo/apps/notta-web/src/components/loitte-animate/index.tsx:1:1
  × Module not found: Can't resolve 'react-lottie' in '/Users/williamchen/notta_monorepo/apps/notta-web/src/components/loitte-animate'
   ╭─[4:19]
 2 │ var _s = $RefreshSig$();
 3 │ import { memo, useState } from 'react';
 4 │ import Loitte from 'react-lottie';
   ·                    ──────────────
 5 │ import { useMount } from 'ahooks';
 6 │ import { MCLogger } from '@mc/web-base-utils';
   ╰──── @ https://us-assets.i.posthog.com/static/posthog-recorder.js?v=1.386.6:0
[ 2165971ms] [ERROR] File: /Users/williamchen/notta_monorepo/apps/notta-web/src/modules/agents/hooks/use-speaker-unknown-speaker-target.tsx:1:1
  × Module not found: Can't resolve 'laoye-prosemirror-utils' in '/Users/williamchen/notta_monorepo/apps/notta-web/src/modules/agents/hooks'
   ╭─[3:20]
 1 │ var _s = $RefreshSig$();
 2 │ import { useCallback } from 'react';
 3 │ import PMUtils from 'laoye-prosemirror-utils';
   ·                     ─────────────────────────
 4 │ import { assemblingSpeakerInfo, NodeTypeEnum, useResourceSpeakersDomain, useTranscriptionDomain } from '@notta/domain';
 5 │ export function useSpeakerUnknownSpeakerTarget() {
   ╰──── @ https://us-assets.i.posthog.com/static/posthog-recorder.js?v=1.386.6:0
[ 2165971ms] [ERROR] File: /Users/williamchen/notta_monorepo/apps/notta-web/src/modules/prosemirror/core/commands/methods/selection.ts:1:1
  × Module not found: Can't resolve 'laoye-prosemirror-utils' in '/Users/williamchen/notta_monorepo/apps/notta-web/src/modules/prosemirror/core/commands/methods'
   ╭─[1:20]
 1 │ import PMUtils from 'laoye-prosemirror-utils';
   ·                     ─────────────────────────
 2 │ import { GroupSpecEnum } from '@notta/domain';
 3 │ /**
   ╰──── @ https://us-assets.i.posthog.com/static/posthog-recorder.js?v=1.386.6:0
[ 2165972ms] [ERROR] File: /Users/williamchen/notta_monorepo/apps/notta-web/src/modules/prosemirror/core/commands/schemas/attrs/indent.ts:1:1
  × Module not found: Can't resolve 'laoye-prosemirror-utils' in '/Users/williamchen/notta_monorepo/apps/notta-web/src/modules/prosemirror/core/commands/schemas/attrs'
   ╭─[1:20]
 1 │ import PMUtils from 'laoye-prosemirror-utils';
   ·                     ─────────────────────────
 2 │ import { GroupSpecEnum, NodeTypeEnum } from '@notta/domain';
 3 │ import { UICommand } from '../UICommand';
   ╰──── @ https://us-assets.i.posthog.com/static/posthog-recorder.js?v=1.386.6:0
[ 2165972ms] [ERROR] File: /Users/williamchen/notta_monorepo/apps/notta-web/src/modules/prosemirror/core/commands/schemas/mark/comment.ts:1:1
  × Module not found: Can't resolve 'laoye-prosemirror-utils' in '/Users/williamchen/notta_monorepo/apps/notta-web/src/modules/prosemirror/core/commands/schemas/mark'
   ╭─[1:20]
 1 │ import PMUtils from 'laoye-prosemirror-utils';
   ·                     ─────────────────────────
 2 │ import { TextSelection } from 'prosemirror-state';
 3 │ import { MCLogger } from '@mc/web-base-utils';
   ╰──── @ https://us-assets.i.posthog.com/static/posthog-recorder.js?v=1.386.6:0
[ 2165972ms] [ERROR] File: /Users/williamchen/notta_monorepo/apps/notta-web/src/modules/prosemirror/core/commands/schemas/mark/toggle.ts:1:1
  × Module not found: Can't resolve 'laoye-prosemirror-utils' in '/Users/williamchen/notta_monorepo/apps/notta-web/src/modules/prosemirror/core/commands/schemas/mark'
   ╭─[1:20]
 1 │ import PMUtils from 'laoye-prosemirror-utils';
   ·                     ─────────────────────────
 2 │ import { MarkTypeEnum } from '@notta/domain';
 3 │ import { UICommand } from '../UICommand';
   ╰──── @ https://us-assets.i.posthog.com/static/posthog-recorder.js?v=1.386.6:0
[ 2165972ms] [ERROR] File: /Users/williamchen/notta_monorepo/apps/notta-web/src/modules/prosemirror/core/components/nodes/comment-stream/CommentReplySlot.tsx:1:1
  × Module not found: Can't resolve 'laoye-prosemirror-utils' in '/Users/williamchen/notta_monorepo/apps/notta-web/src/modules/prosemirror/core/components/nodes/comment-stream'
   ╭─[4:20]
 2 │ var _s = $RefreshSig$();
 3 │ import { useState } from 'react';
 4 │ import PMUtils from 'laoye-prosemirror-utils';
   ·                     ─────────────────────────
 5 │ import { GaDataLayer } from '@notta/base';
 6 │ import { commentFactory, NodeTypeEnum, useAccountDomain, useGlobalDomain } from '@notta/domain';
   ╰──── @ https://us-assets.i.posthog.com/static/posthog-recorder.js?v=1.386.6:0
[ 2165986ms] [ERROR] File: /Users/williamchen/notta_monorepo/apps/notta-web/src/modules/prosemirror/core/views/notepad-view/node-handler/handle-inserter/index.tsx:1:1
  × Module not found: Can't resolve 'laoye-prosemirror-utils' in '/Users/williamchen/notta_monorepo/apps/notta-web/src/modules/prosemirror/core/views/notepad-view/node-handler/handle-inserter'
   ╭─[4:20]
 2 │ var _s = $RefreshSig$();
 3 │ import classNames from 'classnames';
 4 │ import PMUtils from 'laoye-prosemirror-utils';
   ·                     ─────────────────────────
 5 │ import { PublicAdd } from 'notta-web-icon';
 6 │ import { NodeSelection } from 'prosemirror-state';
   ╰──── @ https://us-assets.i.posthog.com/static/posthog-recorder.js?v=1.386.6:0
[ 2165986ms] [ERROR] File: /Users/williamchen/notta_monorepo/apps/notta-web/src/modules/prosemirror/editors/parameter-editor/plugins/components/index.tsx:1:1
  × Module not found: Can't resolve 'laoye-prosemirror-utils' in '/Users/williamchen/notta_monorepo/apps/notta-web/src/modules/prosemirror/editors/parameter-editor/plugins/components'
   ╭─[7:20]
 5 │ import { useMemoizedFn } from 'ahooks';
 6 │ import { Tooltip } from 'antd';
 7 │ import PMUtils from 'laoye-prosemirror-utils';
   ·                     ─────────────────────────
 8 │ import { RecordLayoutEnum } from '@notta/base';
 9 │ import { NodeTypeEnum, useGlobalDomain } from '@notta/domain';
   ╰──── @ https://us-assets.i.posthog.com/static/posthog-recorder.js?v=1.386.6:0
[ 2165986ms] [ERROR] File: /Users/williamchen/notta_monorepo/apps/notta-web/src/modules/prosemirror/exposes/ai-notes-exposes/configs/keymap.ts:1:1
  × Module not found: Can't resolve 'laoye-prosemirror-utils' in '/Users/williamchen/notta_monorepo/apps/notta-web/src/modules/prosemirror/exposes/ai-notes-exposes/configs'
   ╭─[1:20]
 1 │ import PMUtils from 'laoye-prosemirror-utils';
   ·                     ─────────────────────────
 2 │ import { redo, undo } from 'prosemirror-history';
 3 │ import { changeToParagraphCommand, decreaseIndentCommand, deleteSelectionCommand, INDENT_COMMAND, insertSiblingTextCommand, joinBackwardCommand, MARK_SETTING_COMMAND, selectionNodeCommand, splitEnterCommand } from '@notta/prosemirror-module/core';
   ╰──── @ https://us-assets.i.posthog.com/static/posthog-recorder.js?v=1.386.6:0
[ 2165986ms] [ERROR] File: /Users/williamchen/notta_monorepo/apps/notta-web/src/modules/prosemirror/exposes/ai-notes-exposes/fragments/summary_accuracy_questionnaire/questionnaire-entrance.tsx:1:1
  × Module not found: Can't resolve 'laoye-prosemirror-utils' in '/Users/williamchen/notta_monorepo/apps/notta-web/src/modules/prosemirror/exposes/ai-notes-exposes/fragments/summary_accuracy_questionnaire'
   ╭─[6:20]
 4 │ import { useEffect, useState } from 'react';
 5 │ import { useMemoizedFn } from 'ahooks';
 6 │ import PMUtils from 'laoye-prosemirror-utils';
   ·                     ─────────────────────────
 7 │ import { GaDataLayer, LLMGenerationEnum } from '@notta/base';
 8 │ import { getCurrentMembership, NodeTypeEnum, useNotepadDomain } from '@notta/domain';
   ╰──── @ https://us-assets.i.posthog.com/static/posthog-recorder.js?v=1.386.6:0
[ 2165987ms] [ERROR] File: /Users/williamchen/notta_monorepo/apps/notta-web/src/modules/prosemirror/plugins/comment/mention/components/index.tsx:1:1
  × Module not found: Can't resolve 'laoye-prosemirror-utils' in '/Users/williamchen/notta_monorepo/apps/notta-web/src/modules/prosemirror/plugins/comment/mention/components'
   ╭─[5:20]
 3 │ import { forwardRef, useImperativeHandle, useRef, useState } from 'react';
 4 │ import { useMemoizedFn } from 'ahooks';
 5 │ import PMUtils from 'laoye-prosemirror-utils';
   ·                     ─────────────────────────
 6 │ import { RecordLayoutEnum } from '@notta/base';
 7 │ import { MentionList } from './mention-list';
   ╰──── @ https://us-assets.i.posthog.com/static/posthog-recorder.js?v=1.386.6:0
[ 2165987ms] [ERROR] File: /Users/williamchen/notta_monorepo/apps/notta-web/src/modules/prosemirror/plugins/common/dragger/index.ts:1:1
  × Module not found: Can't resolve 'laoye-prosemirror-utils' in '/Users/williamchen/notta_monorepo/apps/notta-web/src/modules/prosemirror/plugins/common/dragger'
   ╭─[1:20]
 1 │ import PMUtils from 'laoye-prosemirror-utils';
   ·                     ─────────────────────────
 2 │ import { NodeSelection, Plugin } from 'prosemirror-state';
 3 │ import { dropPoint } from 'prosemirror-transform';
   ╰──── @ https://us-assets.i.posthog.com/static/posthog-recorder.js?v=1.386.6:0
[ 2165987ms] [ERROR] File: /Users/williamchen/notta_monorepo/apps/notta-web/src/modules/prosemirror/plugins/common/ui-interaction/index.ts:1:1
  × Module not found: Can't resolve 'laoye-prosemirror-utils' in '/Users/williamchen/notta_monorepo/apps/notta-web/src/modules/prosemirror/plugins/common/ui-interaction'
   ╭─[1:20]
 1 │ import PMUtils from 'laoye-prosemirror-utils';
   ·                     ─────────────────────────
 2 │ import { NodeSelection, Plugin, TextSelection } from 'prosemirror-state';
 3 │ import { Decoration, DecorationSet } from 'prosemirror-view';
   ╰──── @ https://us-assets.i.posthog.com/static/posthog-recorder.js?v=1.386.6:0
[ 2165987ms] [ERROR] File: /Users/williamchen/notta_monorepo/apps/notta-web/src/modules/prosemirror/plugins/notepad/ai_regenerate/utils/index.ts:1:1
  × Module not found: Can't resolve 'laoye-prosemirror-utils' in '/Users/williamchen/notta_monorepo/apps/notta-web/src/modules/prosemirror/plugins/notepad/ai_regenerate/utils'
   ╭─[1:20]
 1 │ import PMUtils from 'laoye-prosemirror-utils';
   ·                     ─────────────────────────
 2 │ import { LLMGenerationEnum } from '@notta/base';
 3 │ import { isGeneratingAIBlock } from '@/modules/prosemirror/utils';
   ╰──── @ https://us-assets.i.posthog.com/static/posthog-recorder.js?v=1.386.6:0
[ 2165987ms] [ERROR] File: /Users/williamchen/notta_monorepo/apps/notta-web/src/modules/prosemirror/plugins/notepad/controller/events/update-assignee-nickname.ts:1:1
  × Module not found: Can't resolve 'laoye-prosemirror-utils' in '/Users/williamchen/notta_monorepo/apps/notta-web/src/modules/prosemirror/plugins/notepad/controller/events'
   ╭─[1:20]
 1 │ import PMUtils from 'laoye-prosemirror-utils';
   ·                     ─────────────────────────
 2 │ import { MCLogger } from '@mc/web-base-utils';
 3 │ import { memberDomain, NodeTypeEnum } from '@notta/domain';
   ╰──── @ https://us-assets.i.posthog.com/static/posthog-recorder.js?v=1.386.6:0
[ 2165987ms] [ERROR] File: /Users/williamchen/notta_monorepo/apps/notta-web/src/modules/prosemirror/plugins/notepad/toolbar-selection-text/plugin-view/index.tsx:1:1
  × Module not found: Can't resolve 'laoye-prosemirror-utils' in '/Users/williamchen/notta_monorepo/apps/notta-web/src/modules/prosemirror/plugins/notepad/toolbar-selection-text/plugin-view'
   ╭─[5:20]
 3 │ import { forwardRef, useEffect, useImperativeHandle, useRef, useState } from 'react';
 4 │ import { useMemoizedFn } from 'ahooks';
 5 │ import PMUtils from 'laoye-prosemirror-utils';
   ·                     ─────────────────────────
 6 │ import { MCLogger } from '@mc/web-base-utils';
 7 │ import { notepadDomain, useGlobalDomain, useLayoutDomain, useNotepadDomain } from '@notta/domain';
   ╰──── @ https://us-assets.i.posthog.com/static/posthog-recorder.js?v=1.386.6:0
[ 2165987ms] [ERROR] File: /Users/williamchen/notta_monorepo/apps/notta-web/src/modules/prosemirror/plugins/notepad/toolbar-selection-text/plugin-view/views/section-primary-nodes/index.tsx:1:1
  × Module not found: Can't resolve 'laoye-prosemirror-utils' in '/Users/williamchen/notta_monorepo/apps/notta-web/src/modules/prosemirror/plugins/notepad/toolbar-selection-text/plugin-view/views/section-primary-nodes'
   ╭─[6:20]
 4 │ import { useMemoizedFn } from 'ahooks';
 5 │ import { Dropdown } from 'antd';
 6 │ import PMUtils from 'laoye-prosemirror-utils';
   ·                     ─────────────────────────
 7 │ import { NotesText } from 'notta-web-icon';
 8 │ import { McActionItem, NotepadAISelector } from '@notta/components';
   ╰──── @ https://us-assets.i.posthog.com/static/posthog-recorder.js?v=1.386.6:0
[ 2165987ms] [ERROR] File: /Users/williamchen/notta_monorepo/apps/notta-web/src/modules/prosemirror/plugins/notepad/toolbar-shortcut/index.ts:1:1
  × Module not found: Can't resolve 'laoye-prosemirror-utils' in '/Users/williamchen/notta_monorepo/apps/notta-web/src/modules/prosemirror/plugins/notepad/toolbar-shortcut'
   ╭─[1:20]
 1 │ import PMUtils from 'laoye-prosemirror-utils';
   ·                     ─────────────────────────
 2 │ import { Plugin } from 'prosemirror-state';
 3 │ import { convertWidthChars, GaDataLayer, HalfWidthEnum, isSafeWidthChar } from '@notta/base';
   ╰──── @ https://us-assets.i.posthog.com/static/posthog-recorder.js?v=1.386.6:0
[ 2165988ms] [ERROR] File: /Users/williamchen/notta_monorepo/apps/notta-web/src/modules/prosemirror/plugins/notepad/toolbar-summary-ai/index.ts:1:1
  × Module not found: Can't resolve 'laoye-prosemirror-utils' in '/Users/williamchen/notta_monorepo/apps/notta-web/src/modules/prosemirror/plugins/notepad/toolbar-summary-ai'
   ╭─[1:20]
 1 │ import PMUtils from 'laoye-prosemirror-utils';
   ·                     ─────────────────────────
 2 │ import { Plugin } from 'prosemirror-state';
 3 │ import { emitter, GaDataLayer, HalfWidthEnum, isSafeWidthChar } from '@notta/base';
   ╰──── @ https://us-assets.i.posthog.com/static/posthog-recorder.js?v=1.386.6:0
[ 2165988ms] [ERROR] File: /Users/williamchen/notta_monorepo/apps/notta-web/src/modules/prosemirror/plugins/transcription/controller/events/repair-abnormal-word.ts:1:1
  × Module not found: Can't resolve 'laoye-prosemirror-utils' in '/Users/williamchen/notta_monorepo/apps/notta-web/src/modules/prosemirror/plugins/transcription/controller/events'
   ╭─[1:20]
 1 │ import PMUtils from 'laoye-prosemirror-utils';
   ·                     ─────────────────────────
 2 │ import { MCLogger } from '@mc/web-base-utils';
 3 │ import { MarkTypeEnum, MC_PMUtils, NodeTypeEnum } from '@notta/domain';
   ╰──── @ https://us-assets.i.posthog.com/static/posthog-recorder.js?v=1.386.6:0
[ 2165988ms] [ERROR] File: /Users/williamchen/notta_monorepo/apps/notta-web/src/modules/prosemirror/plugins/transcription/playback-highlight/index.ts:1:1
  × Module not found: Can't resolve 'laoye-prosemirror-utils' in '/Users/williamchen/notta_monorepo/apps/notta-web/src/modules/prosemirror/plugins/transcription/playback-highlight'
   ╭─[1:20]
 1 │ import PMUtils from 'laoye-prosemirror-utils';
   ·                     ─────────────────────────
 2 │ import { Plugin, PluginKey, TextSelection } from 'prosemirror-state';
 3 │ import { DecorationSet } from 'prosemirror-view';
   ╰──── @ https://us-assets.i.posthog.com/static/posthog-recorder.js?v=1.386.6:0
[ 2165988ms] [ERROR] File: /Users/williamchen/notta_monorepo/apps/notta-web/src/modules/prosemirror/plugins/transcription/playback-highlight/utils.ts:1:1
  × Module not found: Can't resolve 'laoye-prosemirror-utils' in '/Users/williamchen/notta_monorepo/apps/notta-web/src/modules/prosemirror/plugins/transcription/playback-highlight'
   ╭─[1:20]
 1 │ import PMUtils from 'laoye-prosemirror-utils';
   ·                     ─────────────────────────
 2 │ import { Decoration, DecorationSet } from 'prosemirror-view';
 3 │ import { MCLogger } from '@mc/web-base-utils';
   ╰──── @ https://us-assets.i.posthog.com/static/posthog-recorder.js?v=1.386.6:0
[ 2165988ms] [ERROR] File: /Users/williamchen/notta_monorepo/apps/notta-web/src/modules/prosemirror/plugins/transcription/toolbar-comment/components/common-toolbar.tsx:1:1
  × Module not found: Can't resolve 'laoye-prosemirror-utils' in '/Users/williamchen/notta_monorepo/apps/notta-web/src/modules/prosemirror/plugins/transcription/toolbar-comment/components'
   ╭─[5:20]
 3 │ import { useEffect, useRef, useState } from 'react';
 4 │ import { useMemoizedFn } from 'ahooks';
 5 │ import PMUtils from 'laoye-prosemirror-utils';
   ·                     ─────────────────────────
 6 │ import { getUuid, MCLogger } from '@mc/web-base-utils';
 7 │ import { RecordLayoutEnum } from '@notta/base';
   ╰──── @ https://us-assets.i.posthog.com/static/posthog-recorder.js?v=1.386.6:0
[ 2165988ms] [ERROR] File: /Users/williamchen/notta_monorepo/apps/notta-web/src/modules/prosemirror/plugins/transcription/toolbar-hovering/image-uploader/utils.ts:1:1
  × Module not found: Can't resolve 'laoye-prosemirror-utils' in '/Users/williamchen/notta_monorepo/apps/notta-web/src/modules/prosemirror/plugins/transcription/toolbar-hovering/image-uploader'
   ╭─[2:20]
 1 │ import { message } from 'antd';
 2 │ import PMUtils from 'laoye-prosemirror-utils';
   ·                     ─────────────────────────
 3 │ import { MCLogger } from '@mc/web-base-utils';
 4 │ import { accountDomain, globalDomain, ImagesStepEnum, MetaEnum, resourceDomain, transcribeDomain, transcriptionDomain, UPLOAD_IMAGES_MAX_NUMBER, websocketSessionManager } from '@notta/domain';
   ╰──── @ https://us-assets.i.posthog.com/static/posthog-recorder.js?v=1.386.6:0
[ 2165988ms] [ERROR] File: /Users/williamchen/notta_monorepo/apps/notta-web/src/modules/prosemirror/plugins/transcription/toolbar-multiple/index.tsx:1:1
  × Module not found: Can't resolve 'laoye-prosemirror-utils' in '/Users/williamchen/notta_monorepo/apps/notta-web/src/modules/prosemirror/plugins/transcription/toolbar-multiple'
   ╭─[1:20]
 1 │ import PMUtils from 'laoye-prosemirror-utils';
   ·                     ─────────────────────────
 2 │ import { Plugin } from 'prosemirror-state';
 3 │ import { Decoration, DecorationSet } from 'prosemirror-view';
   ╰──── @ https://us-assets.i.posthog.com/static/posthog-recorder.js?v=1.386.6:0
[ 2165988ms] [ERROR] File: /Users/williamchen/notta_monorepo/apps/notta-web/src/modules/prosemirror/plugins/transcription/toolbar-multiple/plugin-viewer/hooks/use-multiple-keyboard-control.ts:1:1
  × Module not found: Can't resolve 'laoye-prosemirror-utils' in '/Users/williamchen/notta_monorepo/apps/notta-web/src/modules/prosemirror/plugins/transcription/toolbar-multiple/plugin-viewer/hooks'
   ╭─[3:20]
 1 │ import { useEffect } from 'react';
 2 │ import { useMemoizedFn } from 'ahooks';
 3 │ import PMUtils from 'laoye-prosemirror-utils';
   ·                     ─────────────────────────
 4 │ import { Decoration } from 'prosemirror-view';
 5 │ import { useResourceDomain } from '@notta/domain';
   ╰──── @ https://us-assets.i.posthog.com/static/posthog-recorder.js?v=1.386.6:0
[ 2165988ms] [ERROR] File: /Users/williamchen/notta_monorepo/apps/notta-web/src/modules/prosemirror/plugins/transcription/toolbar-multiple/plugin-viewer/utils/index.ts:1:1
  × Module not found: Can't resolve 'laoye-prosemirror-utils' in '/Users/williamchen/notta_monorepo/apps/notta-web/src/modules/prosemirror/plugins/transcription/toolbar-multiple/plugin-viewer/utils'
   ╭─[2:20]
 1 │ import throttle from "lodash-es/throttle";
 2 │ import PMUtils from 'laoye-prosemirror-utils';
   ·                     ─────────────────────────
 3 │ import { Decoration } from 'prosemirror-view';
 4 │ import { layoutDomain, NodeTypeEnum, resourceDomain, transcriptionDomain } from '@notta/domain';
   ╰──── @ https://us-assets.i.posthog.com/static/posthog-recorder.js?v=1.386.6:0
[ 2165988ms] [ERROR] File: /Users/williamchen/notta_monorepo/apps/notta-web/src/modules/prosemirror/plugins/transcription/toolbar-multiple/plugin-viewer/views/index.tsx:1:1
  × Module not found: Can't resolve 'laoye-prosemirror-utils' in '/Users/williamchen/notta_monorepo/apps/notta-web/src/modules/prosemirror/plugins/transcription/toolbar-multiple/plugin-viewer/views'
   ╭─[6:20]
 4 │ import { createPortal } from 'react-dom';
 5 │ import { useMemoizedFn } from 'ahooks';
 6 │ import PMUtils from 'laoye-prosemirror-utils';
   ·                     ─────────────────────────
 7 │ import { transcriptionDomain, useLayoutDomain } from '@notta/domain';
 8 │ import { useMultipleKeyboardControl } from '../hooks';
   ╰──── @ https://us-assets.i.posthog.com/static/posthog-recorder.js?v=1.386.6:0
[ 2165988ms] [ERROR] File: /Users/williamchen/notta_monorepo/apps/notta-web/src/modules/prosemirror/plugins/transcription/toolbar-multiple/plugin-viewer/views/toolbar-actions/ActionShare.tsx:1:1
  × Module not found: Can't resolve 'laoye-prosemirror-utils' in '/Users/williamchen/notta_monorepo/apps/notta-web/src/modules/prosemirror/plugins/transcription/toolbar-multiple/plugin-viewer/views/toolbar-actions'
   ╭─[4:20]
 2 │ var _s = $RefreshSig$();
 3 │ import { memo } from 'react';
 4 │ import PMUtils from 'laoye-prosemirror-utils';
   ·                     ─────────────────────────
 5 │ import { RecordsShare } from 'notta-web-icon';
 6 │ import { useGlobalDomain } from '@notta/domain';
   ╰──── @ https://us-assets.i.posthog.com/static/posthog-recorder.js?v=1.386.6:0
[ 2165988ms] [ERROR] File: /Users/williamchen/notta_monorepo/apps/notta-web/src/modules/prosemirror/plugins/transcription/toolbar-selection/index.ts:1:1
  × Module not found: Can't resolve 'laoye-prosemirror-utils' in '/Users/williamchen/notta_monorepo/apps/notta-web/src/modules/prosemirror/plugins/transcription/toolbar-selection'
   ╭─[1:20]
 1 │ import PMUtils from 'laoye-prosemirror-utils';
   ·                     ─────────────────────────
 2 │ import { Plugin } from 'prosemirror-state';
 3 │ import { globalDomain, layoutDomain, MC_PMUtils, NodeTypeEnum } from '@notta/domain';
   ╰──── @ https://us-assets.i.posthog.com/static/posthog-recorder.js?v=1.386.6:0
[ 2165988ms] [ERROR] File: /Users/williamchen/notta_monorepo/apps/notta-web/src/modules/prosemirror/plugins/transcription/toolbar-selection/plugin-view/index.tsx:1:1
  × Module not found: Can't resolve 'laoye-prosemirror-utils' in '/Users/williamchen/notta_monorepo/apps/notta-web/src/modules/prosemirror/plugins/transcription/toolbar-selection/plugin-view'
   ╭─[5:20]
 3 │ import { forwardRef, useEffect, useImperativeHandle, useState } from 'react';
 4 │ import { useMemoizedFn, useUnmount } from 'ahooks';
 5 │ import PMUtils from 'laoye-prosemirror-utils';
   ·                     ─────────────────────────
 6 │ import { dataAttr } from '@notta/base';
 7 │ import { transcriptionDomain, useLayoutDomain, useResourceDomain, useTranscriptionDomain } from '@notta/domain';
   ╰──── @ https://us-assets.i.posthog.com/static/posthog-recorder.js?v=1.386.6:0
[ 2165988ms] [ERROR] File: /Users/williamchen/notta_monorepo/apps/notta-web/src/modules/prosemirror/utils/business/images.ts:1:1
  × Module not found: Can't resolve 'laoye-prosemirror-utils' in '/Users/williamchen/notta_monorepo/apps/notta-web/src/modules/prosemirror/utils/business'
   ╭─[6:20]
 4 │  *   - 业务场景：节点删除、选区删除、键盘指令、节点合并
 5 │  */ import { message } from 'antd';
 6 │ import PMUtils from 'laoye-prosemirror-utils';
   ·                     ─────────────────────────
 7 │ import { MAX_UPLOAD_FILE_SIZE_IN_M } from '@notta/base';
 8 │ import { globalDomain } from '@notta/domain';
   ╰──── @ https://us-assets.i.posthog.com/static/posthog-recorder.js?v=1.386.6:0
[ 2165988ms] [ERROR] File: /Users/williamchen/notta_monorepo/apps/notta-web/src/modules/prosemirror/utils/business/multilingual.ts:1:1
  × Module not found: Can't resolve 'laoye-prosemirror-utils' in '/Users/williamchen/notta_monorepo/apps/notta-web/src/modules/prosemirror/utils/business'
   ╭─[1:20]
 1 │ import PMUtils from 'laoye-prosemirror-utils';
   ·                     ─────────────────────────
 2 │ import { TextSelection } from 'prosemirror-state';
 3 │ import { GaDataLayer } from '@notta/base';
   ╰──── @ https://us-assets.i.posthog.com/static/posthog-recorder.js?v=1.386.6:0
[ 2165988ms] [ERROR] File: /Users/williamchen/notta_monorepo/apps/notta-web/src/modules/prosemirror/utils/business/summary-generating.ts:1:1
  × Module not found: Can't resolve 'laoye-prosemirror-utils' in '/Users/williamchen/notta_monorepo/apps/notta-web/src/modules/prosemirror/utils/business'
   ╭─[2:20]
 1 │ import { message } from 'antd';
 2 │ import PMUtils from 'laoye-prosemirror-utils';
   ·                     ─────────────────────────
 3 │ import { TextSelection } from 'prosemirror-state';
 4 │ import { LLMGenerationEnum } from '@notta/base';
   ╰──── @ https://us-assets.i.posthog.com/static/posthog-recorder.js?v=1.386.6:0
[ 2165988ms] [ERROR] File: /Users/williamchen/notta_monorepo/apps/notta-web/src/modules/prosemirror/utils/copy-contents/transcription.ts:1:1
  × Module not found: Can't resolve 'laoye-prosemirror-utils' in '/Users/williamchen/notta_monorepo/apps/notta-web/src/modules/prosemirror/utils/copy-contents'
   ╭─[4:20]
 2 │ import copy from 'copy-to-clipboard';
 3 │ import dayjs from 'dayjs';
 4 │ import PMUtils from 'laoye-prosemirror-utils';
   ·                     ─────────────────────────
 5 │ import { emitter } from '@notta/base';
 6 │ import { getLocalTimezone, globalDomain, NodeTypeEnum, transcriptionDomain, TranslatedShowModelEnum } from '@notta/domain';
   ╰──── @ https://us-assets.i.posthog.com/static/posthog-recorder.js?v=1.386.6:0
[ 2165988ms] [ERROR] File: /Users/williamchen/notta_monorepo/apps/notta-web/src/modules/resource/modules/resource-detail/layout/header/operation-area/OperationAgentChat.tsx:1:1
  × Module not found: Can't resolve 'laoye-prosemirror-utils' in '/Users/williamchen/notta_monorepo/apps/notta-web/src/modules/resource/modules/resource-detail/layout/header/operation-area'
   ╭─[5:20]
 3 │ import { memo, useMemo } from 'react';
 4 │ import { useMemoizedFn } from 'ahooks';
 5 │ import PMUtils from 'laoye-prosemirror-utils';
   ·                     ─────────────────────────
 6 │ import { SalesAgentFeatureEnum, transcriptionDomain, useAgentsDomain, useResourceDomain, useSalesAgentEnabled, useSalesAgentFeatureEnabled, useTranscriptionDomain } from '@notta/domain';
 7 │ import { AgentChatButton } from '@/modules/resource/components';
   ╰──── @ https://us-assets.i.posthog.com/static/posthog-recorder.js?v=1.386.6:0
[ 2165989ms] [ERROR] File: /Users/williamchen/notta_monorepo/apps/notta-web/src/modules/transcribe/modules/transcribe-entrances/entrance-btn/index.tsx:1:1
  × Module not found: Can't resolve 'react-lottie' in '/Users/williamchen/notta_monorepo/apps/notta-web/src/modules/transcribe/modules/transcribe-entrances/entrance-btn'
   ╭─[4:19]
 2 │ var _s = $RefreshSig$();
 3 │ import { memo, useState } from 'react';
 4 │ import Loitte from 'react-lottie';
   ·                    ──────────────
 5 │ import { useMemoizedFn, useMount } from 'ahooks';
 6 │ import cls from 'classnames';
   ╰──── @ https://us-assets.i.posthog.com/static/posthog-recorder.js?v=1.386.6:0
[ 2165989ms] [ERROR] File: /Users/williamchen/notta_monorepo/packages/components/src/ui/mc-llm-status-icon/index.tsx:1:1
  × Module not found: Can't resolve 'react-lottie' in '/Users/williamchen/notta_monorepo/packages/components/src/ui/mc-llm-status-icon'
   ╭─[2:19]
 1 │ import { jsxDEV as _jsxDEV } from "react/jsx-dev-runtime";
 2 │ import Lottie from 'react-lottie';
   ·                    ──────────────
 3 │ import { McSpin } from '../mc-spin';
 4 │ import { ReactComponent as LLMGeneratingSvg } from './llm-generating.svg';
   ╰──── @ https://us-assets.i.posthog.com/static/posthog-recorder.js?v=1.386.6:0
[ 2165989ms] [ERROR] File: /Users/williamchen/notta_monorepo/packages/domain/src/prosemirror/modules/comment/storage/editor.ts:1:1
  × Module not found: Can't resolve 'laoye-prosemirror-utils' in '/Users/williamchen/notta_monorepo/packages/domain/src/prosemirror/modules/comment/storage'
   ╭─[2:20]
 1 │ import isEmpty from "lodash-es/isEmpty";
 2 │ import PMUtils from 'laoye-prosemirror-utils';
   ·                     ─────────────────────────
 3 │ import { MCLogger } from '@mc/web-base-utils';
 4 │ import { NodeTypeEnum } from '@notta/domain';
   ╰──── @ https://us-assets.i.posthog.com/static/posthog-recorder.js?v=1.386.6:0
[ 2165989ms] [ERROR] File: /Users/williamchen/notta_monorepo/packages/domain/src/prosemirror/modules/notepad/utils/public.ts:1:1
  × Module not found: Can't resolve 'laoye-prosemirror-utils' in '/Users/williamchen/notta_monorepo/packages/domain/src/prosemirror/modules/notepad/utils'
   ╭─[1:20]
 1 │ import PMUtils from 'laoye-prosemirror-utils';
   ·                     ─────────────────────────
 2 │ import { NodeTypeEnum } from '@notta/domain';
 3 │ import { notepadDomain } from '../store';
   ╰──── @ https://us-assets.i.posthog.com/static/posthog-recorder.js?v=1.386.6:0
[ 2165989ms] [ERROR] File: /Users/williamchen/notta_monorepo/packages/domain/src/prosemirror/modules/transcription/services/comment.ts:1:1
  × Module not found: Can't resolve 'laoye-prosemirror-utils' in '/Users/williamchen/notta_monorepo/packages/domain/src/prosemirror/modules/transcription/services'
   ╭─[1:20]
 1 │ import PMUtils from 'laoye-prosemirror-utils';
   ·                     ─────────────────────────
 2 │ import { MarkTypeEnum, NodeTypeEnum } from '@notta/domain';
 3 │ import { commentDomain } from '../../comment';
   ╰──── @ https://us-assets.i.posthog.com/static/posthog-recorder.js?v=1.386.6:0
[ 2165989ms] [ERROR] File: /Users/williamchen/notta_monorepo/packages/domain/src/prosemirror/utils/node.ts:1:1
  × Module not found: Can't resolve 'laoye-prosemirror-utils' in '/Users/williamchen/notta_monorepo/packages/domain/src/prosemirror/utils'
   ╭─[1:20]
 1 │ import PMUtils from 'laoye-prosemirror-utils';
   ·                     ─────────────────────────
 2 │ import { globalDomain, resourceDomain } from '@notta/domain';
 3 │ import { MAX_EDIT_STEPS_FOR_VIEW_UPDATE } from '../common';
   ╰──── @ https://us-assets.i.posthog.com/static/posthog-recorder.js?v=1.386.6:0
[ 2180791ms] [ERROR] File: /Users/williamchen/notta_monorepo/apps/notta-web/src/components/loitte-animate/index.tsx:1:1
  × Module not found: Can't resolve 'react-lottie' in '/Users/williamchen/notta_monorepo/apps/notta-web/src/components/loitte-animate'
   ╭─[4:19]
 2 │ var _s = $RefreshSig$();
 3 │ import { memo, useState } from 'react';
 4 │ import Loitte from 'react-lottie';
   ·                    ──────────────
 5 │ import { useMount } from 'ahooks';
 6 │ import { MCLogger } from '@mc/web-base-utils';
   ╰──── @ https://us-assets.i.posthog.com/static/posthog-recorder.js?v=1.386.6:0
[ 2180791ms] [ERROR] File: /Users/williamchen/notta_monorepo/apps/notta-web/src/modules/agents/hooks/use-speaker-unknown-speaker-target.tsx:1:1
  × Module not found: Can't resolve 'laoye-prosemirror-utils' in '/Users/williamchen/notta_monorepo/apps/notta-web/src/modules/agents/hooks'
   ╭─[3:20]
 1 │ var _s = $RefreshSig$();
 2 │ import { useCallback } from 'react';
 3 │ import PMUtils from 'laoye-prosemirror-utils';
   ·                     ─────────────────────────
 4 │ import { assemblingSpeakerInfo, NodeTypeEnum, useResourceSpeakersDomain, useTranscriptionDomain } from '@notta/domain';
 5 │ export function useSpeakerUnknownSpeakerTarget() {
   ╰──── @ https://us-assets.i.posthog.com/static/posthog-recorder.js?v=1.386.6:0
[ 2180791ms] [ERROR] File: /Users/williamchen/notta_monorepo/apps/notta-web/src/modules/prosemirror/core/commands/methods/selection.ts:1:1
  × Module not found: Can't resolve 'laoye-prosemirror-utils' in '/Users/williamchen/notta_monorepo/apps/notta-web/src/modules/prosemirror/core/commands/methods'
   ╭─[1:20]
 1 │ import PMUtils from 'laoye-prosemirror-utils';
   ·                     ─────────────────────────
 2 │ import { GroupSpecEnum } from '@notta/domain';
 3 │ /**
   ╰──── @ https://us-assets.i.posthog.com/static/posthog-recorder.js?v=1.386.6:0
[ 2180791ms] [ERROR] File: /Users/williamchen/notta_monorepo/apps/notta-web/src/modules/prosemirror/core/commands/schemas/attrs/indent.ts:1:1
  × Module not found: Can't resolve 'laoye-prosemirror-utils' in '/Users/williamchen/notta_monorepo/apps/notta-web/src/modules/prosemirror/core/commands/schemas/attrs'
   ╭─[1:20]
 1 │ import PMUtils from 'laoye-prosemirror-utils';
   ·                     ─────────────────────────
 2 │ import { GroupSpecEnum, NodeTypeEnum } from '@notta/domain';
 3 │ import { UICommand } from '../UICommand';
   ╰──── @ https://us-assets.i.posthog.com/static/posthog-recorder.js?v=1.386.6:0
[ 2180791ms] [ERROR] File: /Users/williamchen/notta_monorepo/apps/notta-web/src/modules/prosemirror/core/commands/schemas/mark/comment.ts:1:1
  × Module not found: Can't resolve 'laoye-prosemirror-utils' in '/Users/williamchen/notta_monorepo/apps/notta-web/src/modules/prosemirror/core/commands/schemas/mark'
   ╭─[1:20]
 1 │ import PMUtils from 'laoye-prosemirror-utils';
   ·                     ─────────────────────────
 2 │ import { TextSelection } from 'prosemirror-state';
 3 │ import { MCLogger } from '@mc/web-base-utils';
   ╰──── @ https://us-assets.i.posthog.com/static/posthog-recorder.js?v=1.386.6:0
[ 2180791ms] [ERROR] File: /Users/williamchen/notta_monorepo/apps/notta-web/src/modules/prosemirror/core/commands/schemas/mark/toggle.ts:1:1
  × Module not found: Can't resolve 'laoye-prosemirror-utils' in '/Users/williamchen/notta_monorepo/apps/notta-web/src/modules/prosemirror/core/commands/schemas/mark'
   ╭─[1:20]
 1 │ import PMUtils from 'laoye-prosemirror-utils';
   ·                     ─────────────────────────
 2 │ import { MarkTypeEnum } from '@notta/domain';
 3 │ import { UICommand } from '../UICommand';
   ╰──── @ https://us-assets.i.posthog.com/static/posthog-recorder.js?v=1.386.6:0
[ 2180791ms] [ERROR] File: /Users/williamchen/notta_monorepo/apps/notta-web/src/modules/prosemirror/core/components/nodes/comment-stream/CommentReplySlot.tsx:1:1
  × Module not found: Can't resolve 'laoye-prosemirror-utils' in '/Users/williamchen/notta_monorepo/apps/notta-web/src/modules/prosemirror/core/components/nodes/comment-stream'
   ╭─[4:20]
 2 │ var _s = $RefreshSig$();
 3 │ import { useState } from 'react';
 4 │ import PMUtils from 'laoye-prosemirror-utils';
   ·                     ─────────────────────────
 5 │ import { GaDataLayer } from '@notta/base';
 6 │ import { commentFactory, NodeTypeEnum, useAccountDomain, useGlobalDomain } from '@notta/domain';
   ╰──── @ https://us-assets.i.posthog.com/static/posthog-recorder.js?v=1.386.6:0
[ 2180792ms] [ERROR] File: /Users/williamchen/notta_monorepo/apps/notta-web/src/modules/prosemirror/core/views/notepad-view/node-handler/handle-inserter/index.tsx:1:1
  × Module not found: Can't resolve 'laoye-prosemirror-utils' in '/Users/williamchen/notta_monorepo/apps/notta-web/src/modules/prosemirror/core/views/notepad-view/node-handler/handle-inserter'
   ╭─[4:20]
 2 │ var _s = $RefreshSig$();
 3 │ import classNames from 'classnames';
 4 │ import PMUtils from 'laoye-prosemirror-utils';
   ·                     ─────────────────────────
 5 │ import { PublicAdd } from 'notta-web-icon';
 6 │ import { NodeSelection } from 'prosemirror-state';
   ╰──── @ https://us-assets.i.posthog.com/static/posthog-recorder.js?v=1.386.6:0
[ 2180792ms] [ERROR] File: /Users/williamchen/notta_monorepo/apps/notta-web/src/modules/prosemirror/editors/parameter-editor/plugins/components/index.tsx:1:1
  × Module not found: Can't resolve 'laoye-prosemirror-utils' in '/Users/williamchen/notta_monorepo/apps/notta-web/src/modules/prosemirror/editors/parameter-editor/plugins/components'
   ╭─[7:20]
 5 │ import { useMemoizedFn } from 'ahooks';
 6 │ import { Tooltip } from 'antd';
 7 │ import PMUtils from 'laoye-prosemirror-utils';
   ·                     ─────────────────────────
 8 │ import { RecordLayoutEnum } from '@notta/base';
 9 │ import { NodeTypeEnum, useGlobalDomain } from '@notta/domain';
   ╰──── @ https://us-assets.i.posthog.com/static/posthog-recorder.js?v=1.386.6:0
[ 2180792ms] [ERROR] File: /Users/williamchen/notta_monorepo/apps/notta-web/src/modules/prosemirror/exposes/ai-notes-exposes/configs/keymap.ts:1:1
  × Module not found: Can't resolve 'laoye-prosemirror-utils' in '/Users/williamchen/notta_monorepo/apps/notta-web/src/modules/prosemirror/exposes/ai-notes-exposes/configs'
   ╭─[1:20]
 1 │ import PMUtils from 'laoye-prosemirror-utils';
   ·                     ─────────────────────────
 2 │ import { redo, undo } from 'prosemirror-history';
 3 │ import { changeToParagraphCommand, decreaseIndentCommand, deleteSelectionCommand, INDENT_COMMAND, insertSiblingTextCommand, joinBackwardCommand, MARK_SETTING_COMMAND, selectionNodeCommand, splitEnterCommand } from '@notta/prosemirror-module/core';
   ╰──── @ https://us-assets.i.posthog.com/static/posthog-recorder.js?v=1.386.6:0
[ 2180792ms] [ERROR] File: /Users/williamchen/notta_monorepo/apps/notta-web/src/modules/prosemirror/exposes/ai-notes-exposes/fragments/summary_accuracy_questionnaire/questionnaire-entrance.tsx:1:1
  × Module not found: Can't resolve 'laoye-prosemirror-utils' in '/Users/williamchen/notta_monorepo/apps/notta-web/src/modules/prosemirror/exposes/ai-notes-exposes/fragments/summary_accuracy_questionnaire'
   ╭─[6:20]
 4 │ import { useEffect, useState } from 'react';
 5 │ import { useMemoizedFn } from 'ahooks';
 6 │ import PMUtils from 'laoye-prosemirror-utils';
   ·                     ─────────────────────────
 7 │ import { GaDataLayer, LLMGenerationEnum } from '@notta/base';
 8 │ import { getCurrentMembership, NodeTypeEnum, useNotepadDomain } from '@notta/domain';
   ╰──── @ https://us-assets.i.posthog.com/static/posthog-recorder.js?v=1.386.6:0
[ 2180792ms] [ERROR] File: /Users/williamchen/notta_monorepo/apps/notta-web/src/modules/prosemirror/plugins/comment/mention/components/index.tsx:1:1
  × Module not found: Can't resolve 'laoye-prosemirror-utils' in '/Users/williamchen/notta_monorepo/apps/notta-web/src/modules/prosemirror/plugins/comment/mention/components'
   ╭─[5:20]
 3 │ import { forwardRef, useImperativeHandle, useRef, useState } from 'react';
 4 │ import { useMemoizedFn } from 'ahooks';
 5 │ import PMUtils from 'laoye-prosemirror-utils';
   ·                     ─────────────────────────
 6 │ import { RecordLayoutEnum } from '@notta/base';
 7 │ import { MentionList } from './mention-list';
   ╰──── @ https://us-assets.i.posthog.com/static/posthog-recorder.js?v=1.386.6:0
[ 2180792ms] [ERROR] File: /Users/williamchen/notta_monorepo/apps/notta-web/src/modules/prosemirror/plugins/common/dragger/index.ts:1:1
  × Module not found: Can't resolve 'laoye-prosemirror-utils' in '/Users/williamchen/notta_monorepo/apps/notta-web/src/modules/prosemirror/plugins/common/dragger'
   ╭─[1:20]
 1 │ import PMUtils from 'laoye-prosemirror-utils';
   ·                     ─────────────────────────
 2 │ import { NodeSelection, Plugin } from 'prosemirror-state';
 3 │ import { dropPoint } from 'prosemirror-transform';
   ╰──── @ https://us-assets.i.posthog.com/static/posthog-recorder.js?v=1.386.6:0
[ 2180792ms] [ERROR] File: /Users/williamchen/notta_monorepo/apps/notta-web/src/modules/prosemirror/plugins/common/ui-interaction/index.ts:1:1
  × Module not found: Can't resolve 'laoye-prosemirror-utils' in '/Users/williamchen/notta_monorepo/apps/notta-web/src/modules/prosemirror/plugins/common/ui-interaction'
   ╭─[1:20]
 1 │ import PMUtils from 'laoye-prosemirror-utils';
   ·                     ─────────────────────────
 2 │ import { NodeSelection, Plugin, TextSelection } from 'prosemirror-state';
 3 │ import { Decoration, DecorationSet } from 'prosemirror-view';
   ╰──── @ https://us-assets.i.posthog.com/static/posthog-recorder.js?v=1.386.6:0
[ 2180792ms] [ERROR] File: /Users/williamchen/notta_monorepo/apps/notta-web/src/modules/prosemirror/plugins/notepad/ai_regenerate/utils/index.ts:1:1
  × Module not found: Can't resolve 'laoye-prosemirror-utils' in '/Users/williamchen/notta_monorepo/apps/notta-web/src/modules/prosemirror/plugins/notepad/ai_regenerate/utils'
   ╭─[1:20]
 1 │ import PMUtils from 'laoye-prosemirror-utils';
   ·                     ─────────────────────────
 2 │ import { LLMGenerationEnum } from '@notta/base';
 3 │ import { isGeneratingAIBlock } from '@/modules/prosemirror/utils';
   ╰──── @ https://us-assets.i.posthog.com/static/posthog-recorder.js?v=1.386.6:0
[ 2180792ms] [ERROR] File: /Users/williamchen/notta_monorepo/apps/notta-web/src/modules/prosemirror/plugins/notepad/controller/events/update-assignee-nickname.ts:1:1
  × Module not found: Can't resolve 'laoye-prosemirror-utils' in '/Users/williamchen/notta_monorepo/apps/notta-web/src/modules/prosemirror/plugins/notepad/controller/events'
   ╭─[1:20]
 1 │ import PMUtils from 'laoye-prosemirror-utils';
   ·                     ─────────────────────────
 2 │ import { MCLogger } from '@mc/web-base-utils';
 3 │ import { memberDomain, NodeTypeEnum } from '@notta/domain';
   ╰──── @ https://us-assets.i.posthog.com/static/posthog-recorder.js?v=1.386.6:0
[ 2180792ms] [ERROR] File: /Users/williamchen/notta_monorepo/apps/notta-web/src/modules/prosemirror/plugins/notepad/toolbar-selection-text/plugin-view/index.tsx:1:1
  × Module not found: Can't resolve 'laoye-prosemirror-utils' in '/Users/williamchen/notta_monorepo/apps/notta-web/src/modules/prosemirror/plugins/notepad/toolbar-selection-text/plugin-view'
   ╭─[5:20]
 3 │ import { forwardRef, useEffect, useImperativeHandle, useRef, useState } from 'react';
 4 │ import { useMemoizedFn } from 'ahooks';
 5 │ import PMUtils from 'laoye-prosemirror-utils';
   ·                     ─────────────────────────
 6 │ import { MCLogger } from '@mc/web-base-utils';
 7 │ import { notepadDomain, useGlobalDomain, useLayoutDomain, useNotepadDomain } from '@notta/domain';
   ╰──── @ https://us-assets.i.posthog.com/static/posthog-recorder.js?v=1.386.6:0
[ 2180792ms] [ERROR] File: /Users/williamchen/notta_monorepo/apps/notta-web/src/modules/prosemirror/plugins/notepad/toolbar-selection-text/plugin-view/views/section-primary-nodes/index.tsx:1:1
  × Module not found: Can't resolve 'laoye-prosemirror-utils' in '/Users/williamchen/notta_monorepo/apps/notta-web/src/modules/prosemirror/plugins/notepad/toolbar-selection-text/plugin-view/views/section-primary-nodes'
   ╭─[6:20]
 4 │ import { useMemoizedFn } from 'ahooks';
 5 │ import { Dropdown } from 'antd';
 6 │ import PMUtils from 'laoye-prosemirror-utils';
   ·                     ─────────────────────────
 7 │ import { NotesText } from 'notta-web-icon';
 8 │ import { McActionItem, NotepadAISelector } from '@notta/components';
   ╰──── @ https://us-assets.i.posthog.com/static/posthog-recorder.js?v=1.386.6:0
[ 2180792ms] [ERROR] File: /Users/williamchen/notta_monorepo/apps/notta-web/src/modules/prosemirror/plugins/notepad/toolbar-shortcut/index.ts:1:1
  × Module not found: Can't resolve 'laoye-prosemirror-utils' in '/Users/williamchen/notta_monorepo/apps/notta-web/src/modules/prosemirror/plugins/notepad/toolbar-shortcut'
   ╭─[1:20]
 1 │ import PMUtils from 'laoye-prosemirror-utils';
   ·                     ─────────────────────────
 2 │ import { Plugin } from 'prosemirror-state';
 3 │ import { convertWidthChars, GaDataLayer, HalfWidthEnum, isSafeWidthChar } from '@notta/base';
   ╰──── @ https://us-assets.i.posthog.com/static/posthog-recorder.js?v=1.386.6:0
[ 2180792ms] [ERROR] File: /Users/williamchen/notta_monorepo/apps/notta-web/src/modules/prosemirror/plugins/notepad/toolbar-summary-ai/index.ts:1:1
  × Module not found: Can't resolve 'laoye-prosemirror-utils' in '/Users/williamchen/notta_monorepo/apps/notta-web/src/modules/prosemirror/plugins/notepad/toolbar-summary-ai'
   ╭─[1:20]
 1 │ import PMUtils from 'laoye-prosemirror-utils';
   ·                     ─────────────────────────
 2 │ import { Plugin } from 'prosemirror-state';
 3 │ import { emitter, GaDataLayer, HalfWidthEnum, isSafeWidthChar } from '@notta/base';
   ╰──── @ https://us-assets.i.posthog.com/static/posthog-recorder.js?v=1.386.6:0
[ 2180792ms] [ERROR] File: /Users/williamchen/notta_monorepo/apps/notta-web/src/modules/prosemirror/plugins/transcription/controller/events/repair-abnormal-word.ts:1:1
  × Module not found: Can't resolve 'laoye-prosemirror-utils' in '/Users/williamchen/notta_monorepo/apps/notta-web/src/modules/prosemirror/plugins/transcription/controller/events'
   ╭─[1:20]
 1 │ import PMUtils from 'laoye-prosemirror-utils';
   ·                     ─────────────────────────
 2 │ import { MCLogger } from '@mc/web-base-utils';
 3 │ import { MarkTypeEnum, MC_PMUtils, NodeTypeEnum } from '@notta/domain';
   ╰──── @ https://us-assets.i.posthog.com/static/posthog-recorder.js?v=1.386.6:0
[ 2180792ms] [ERROR] File: /Users/williamchen/notta_monorepo/apps/notta-web/src/modules/prosemirror/plugins/transcription/playback-highlight/index.ts:1:1
  × Module not found: Can't resolve 'laoye-prosemirror-utils' in '/Users/williamchen/notta_monorepo/apps/notta-web/src/modules/prosemirror/plugins/transcription/playback-highlight'
   ╭─[1:20]
 1 │ import PMUtils from 'laoye-prosemirror-utils';
   ·                     ─────────────────────────
 2 │ import { Plugin, PluginKey, TextSelection } from 'prosemirror-state';
 3 │ import { DecorationSet } from 'prosemirror-view';
   ╰──── @ https://us-assets.i.posthog.com/static/posthog-recorder.js?v=1.386.6:0
[ 2180792ms] [ERROR] File: /Users/williamchen/notta_monorepo/apps/notta-web/src/modules/prosemirror/plugins/transcription/playback-highlight/utils.ts:1:1
  × Module not found: Can't resolve 'laoye-prosemirror-utils' in '/Users/williamchen/notta_monorepo/apps/notta-web/src/modules/prosemirror/plugins/transcription/playback-highlight'
   ╭─[1:20]
 1 │ import PMUtils from 'laoye-prosemirror-utils';
   ·                     ─────────────────────────
 2 │ import { Decoration, DecorationSet } from 'prosemirror-view';
 3 │ import { MCLogger } from '@mc/web-base-utils';
   ╰──── @ https://us-assets.i.posthog.com/static/posthog-recorder.js?v=1.386.6:0
[ 2180793ms] [ERROR] File: /Users/williamchen/notta_monorepo/apps/notta-web/src/modules/prosemirror/plugins/transcription/toolbar-comment/components/common-toolbar.tsx:1:1
  × Module not found: Can't resolve 'laoye-prosemirror-utils' in '/Users/williamchen/notta_monorepo/apps/notta-web/src/modules/prosemirror/plugins/transcription/toolbar-comment/components'
   ╭─[5:20]
 3 │ import { useEffect, useRef, useState } from 'react';
 4 │ import { useMemoizedFn } from 'ahooks';
 5 │ import PMUtils from 'laoye-prosemirror-utils';
   ·                     ─────────────────────────
 6 │ import { getUuid, MCLogger } from '@mc/web-base-utils';
 7 │ import { RecordLayoutEnum } from '@notta/base';
   ╰──── @ https://us-assets.i.posthog.com/static/posthog-recorder.js?v=1.386.6:0
[ 2180793ms] [ERROR] File: /Users/williamchen/notta_monorepo/apps/notta-web/src/modules/prosemirror/plugins/transcription/toolbar-hovering/image-uploader/utils.ts:1:1
  × Module not found: Can't resolve 'laoye-prosemirror-utils' in '/Users/williamchen/notta_monorepo/apps/notta-web/src/modules/prosemirror/plugins/transcription/toolbar-hovering/image-uploader'
   ╭─[2:20]
 1 │ import { message } from 'antd';
 2 │ import PMUtils from 'laoye-prosemirror-utils';
   ·                     ─────────────────────────
 3 │ import { MCLogger } from '@mc/web-base-utils';
 4 │ import { accountDomain, globalDomain, ImagesStepEnum, MetaEnum, resourceDomain, transcribeDomain, transcriptionDomain, UPLOAD_IMAGES_MAX_NUMBER, websocketSessionManager } from '@notta/domain';
   ╰──── @ https://us-assets.i.posthog.com/static/posthog-recorder.js?v=1.386.6:0
[ 2180793ms] [ERROR] File: /Users/williamchen/notta_monorepo/apps/notta-web/src/modules/prosemirror/plugins/transcription/toolbar-multiple/index.tsx:1:1
  × Module not found: Can't resolve 'laoye-prosemirror-utils' in '/Users/williamchen/notta_monorepo/apps/notta-web/src/modules/prosemirror/plugins/transcription/toolbar-multiple'
   ╭─[1:20]
 1 │ import PMUtils from 'laoye-prosemirror-utils';
   ·                     ─────────────────────────
 2 │ import { Plugin } from 'prosemirror-state';
 3 │ import { Decoration, DecorationSet } from 'prosemirror-view';
   ╰──── @ https://us-assets.i.posthog.com/static/posthog-recorder.js?v=1.386.6:0
[ 2180793ms] [ERROR] File: /Users/williamchen/notta_monorepo/apps/notta-web/src/modules/prosemirror/plugins/transcription/toolbar-multiple/plugin-viewer/hooks/use-multiple-keyboard-control.ts:1:1
  × Module not found: Can't resolve 'laoye-prosemirror-utils' in '/Users/williamchen/notta_monorepo/apps/notta-web/src/modules/prosemirror/plugins/transcription/toolbar-multiple/plugin-viewer/hooks'
   ╭─[3:20]
 1 │ import { useEffect } from 'react';
 2 │ import { useMemoizedFn } from 'ahooks';
 3 │ import PMUtils from 'laoye-prosemirror-utils';
   ·                     ─────────────────────────
 4 │ import { Decoration } from 'prosemirror-view';
 5 │ import { useResourceDomain } from '@notta/domain';
   ╰──── @ https://us-assets.i.posthog.com/static/posthog-recorder.js?v=1.386.6:0
[ 2180793ms] [ERROR] File: /Users/williamchen/notta_monorepo/apps/notta-web/src/modules/prosemirror/plugins/transcription/toolbar-multiple/plugin-viewer/utils/index.ts:1:1
  × Module not found: Can't resolve 'laoye-prosemirror-utils' in '/Users/williamchen/notta_monorepo/apps/notta-web/src/modules/prosemirror/plugins/transcription/toolbar-multiple/plugin-viewer/utils'
   ╭─[2:20]
 1 │ import throttle from "lodash-es/throttle";
 2 │ import PMUtils from 'laoye-prosemirror-utils';
   ·                     ─────────────────────────
 3 │ import { Decoration } from 'prosemirror-view';
 4 │ import { layoutDomain, NodeTypeEnum, resourceDomain, transcriptionDomain } from '@notta/domain';
   ╰──── @ https://us-assets.i.posthog.com/static/posthog-recorder.js?v=1.386.6:0
[ 2180793ms] [ERROR] File: /Users/williamchen/notta_monorepo/apps/notta-web/src/modules/prosemirror/plugins/transcription/toolbar-multiple/plugin-viewer/views/index.tsx:1:1
  × Module not found: Can't resolve 'laoye-prosemirror-utils' in '/Users/williamchen/notta_monorepo/apps/notta-web/src/modules/prosemirror/plugins/transcription/toolbar-multiple/plugin-viewer/views'
   ╭─[6:20]
 4 │ import { createPortal } from 'react-dom';
 5 │ import { useMemoizedFn } from 'ahooks';
 6 │ import PMUtils from 'laoye-prosemirror-utils';
   ·                     ─────────────────────────
 7 │ import { transcriptionDomain, useLayoutDomain } from '@notta/domain';
 8 │ import { useMultipleKeyboardControl } from '../hooks';
   ╰──── @ https://us-assets.i.posthog.com/static/posthog-recorder.js?v=1.386.6:0
[ 2180793ms] [ERROR] File: /Users/williamchen/notta_monorepo/apps/notta-web/src/modules/prosemirror/plugins/transcription/toolbar-multiple/plugin-viewer/views/toolbar-actions/ActionShare.tsx:1:1
  × Module not found: Can't resolve 'laoye-prosemirror-utils' in '/Users/williamchen/notta_monorepo/apps/notta-web/src/modules/prosemirror/plugins/transcription/toolbar-multiple/plugin-viewer/views/toolbar-actions'
   ╭─[4:20]
 2 │ var _s = $RefreshSig$();
 3 │ import { memo } from 'react';
 4 │ import PMUtils from 'laoye-prosemirror-utils';
   ·                     ─────────────────────────
 5 │ import { RecordsShare } from 'notta-web-icon';
 6 │ import { useGlobalDomain } from '@notta/domain';
   ╰──── @ https://us-assets.i.posthog.com/static/posthog-recorder.js?v=1.386.6:0
[ 2180793ms] [ERROR] File: /Users/williamchen/notta_monorepo/apps/notta-web/src/modules/prosemirror/plugins/transcription/toolbar-selection/index.ts:1:1
  × Module not found: Can't resolve 'laoye-prosemirror-utils' in '/Users/williamchen/notta_monorepo/apps/notta-web/src/modules/prosemirror/plugins/transcription/toolbar-selection'
   ╭─[1:20]
 1 │ import PMUtils from 'laoye-prosemirror-utils';
   ·                     ─────────────────────────
 2 │ import { Plugin } from 'prosemirror-state';
 3 │ import { globalDomain, layoutDomain, MC_PMUtils, NodeTypeEnum } from '@notta/domain';
   ╰──── @ https://us-assets.i.posthog.com/static/posthog-recorder.js?v=1.386.6:0
[ 2180793ms] [ERROR] File: /Users/williamchen/notta_monorepo/apps/notta-web/src/modules/prosemirror/plugins/transcription/toolbar-selection/plugin-view/index.tsx:1:1
  × Module not found: Can't resolve 'laoye-prosemirror-utils' in '/Users/williamchen/notta_monorepo/apps/notta-web/src/modules/prosemirror/plugins/transcription/toolbar-selection/plugin-view'
   ╭─[5:20]
 3 │ import { forwardRef, useEffect, useImperativeHandle, useState } from 'react';
 4 │ import { useMemoizedFn, useUnmount } from 'ahooks';
 5 │ import PMUtils from 'laoye-prosemirror-utils';
   ·                     ─────────────────────────
 6 │ import { dataAttr } from '@notta/base';
 7 │ import { transcriptionDomain, useLayoutDomain, useResourceDomain, useTranscriptionDomain } from '@notta/domain';
   ╰──── @ https://us-assets.i.posthog.com/static/posthog-recorder.js?v=1.386.6:0
[ 2180793ms] [ERROR] File: /Users/williamchen/notta_monorepo/apps/notta-web/src/modules/prosemirror/utils/business/images.ts:1:1
  × Module not found: Can't resolve 'laoye-prosemirror-utils' in '/Users/williamchen/notta_monorepo/apps/notta-web/src/modules/prosemirror/utils/business'
   ╭─[6:20]
 4 │  *   - 业务场景：节点删除、选区删除、键盘指令、节点合并
 5 │  */ import { message } from 'antd';
 6 │ import PMUtils from 'laoye-prosemirror-utils';
   ·                     ─────────────────────────
 7 │ import { MAX_UPLOAD_FILE_SIZE_IN_M } from '@notta/base';
 8 │ import { globalDomain } from '@notta/domain';
   ╰──── @ https://us-assets.i.posthog.com/static/posthog-recorder.js?v=1.386.6:0
[ 2180794ms] [ERROR] File: /Users/williamchen/notta_monorepo/apps/notta-web/src/modules/prosemirror/utils/business/multilingual.ts:1:1
  × Module not found: Can't resolve 'laoye-prosemirror-utils' in '/Users/williamchen/notta_monorepo/apps/notta-web/src/modules/prosemirror/utils/business'
   ╭─[1:20]
 1 │ import PMUtils from 'laoye-prosemirror-utils';
   ·                     ─────────────────────────
 2 │ import { TextSelection } from 'prosemirror-state';
 3 │ import { GaDataLayer } from '@notta/base';
   ╰──── @ https://us-assets.i.posthog.com/static/posthog-recorder.js?v=1.386.6:0
[ 2180794ms] [ERROR] File: /Users/williamchen/notta_monorepo/apps/notta-web/src/modules/prosemirror/utils/business/summary-generating.ts:1:1
  × Module not found: Can't resolve 'laoye-prosemirror-utils' in '/Users/williamchen/notta_monorepo/apps/notta-web/src/modules/prosemirror/utils/business'
   ╭─[2:20]
 1 │ import { message } from 'antd';
 2 │ import PMUtils from 'laoye-prosemirror-utils';
   ·                     ─────────────────────────
 3 │ import { TextSelection } from 'prosemirror-state';
 4 │ import { LLMGenerationEnum } from '@notta/base';
   ╰──── @ https://us-assets.i.posthog.com/static/posthog-recorder.js?v=1.386.6:0
[ 2180794ms] [ERROR] File: /Users/williamchen/notta_monorepo/apps/notta-web/src/modules/prosemirror/utils/copy-contents/transcription.ts:1:1
  × Module not found: Can't resolve 'laoye-prosemirror-utils' in '/Users/williamchen/notta_monorepo/apps/notta-web/src/modules/prosemirror/utils/copy-contents'
   ╭─[4:20]
 2 │ import copy from 'copy-to-clipboard';
 3 │ import dayjs from 'dayjs';
 4 │ import PMUtils from 'laoye-prosemirror-utils';
   ·                     ─────────────────────────
 5 │ import { emitter } from '@notta/base';
 6 │ import { getLocalTimezone, globalDomain, NodeTypeEnum, transcriptionDomain, TranslatedShowModelEnum } from '@notta/domain';
   ╰──── @ https://us-assets.i.posthog.com/static/posthog-recorder.js?v=1.386.6:0
[ 2180794ms] [ERROR] File: /Users/williamchen/notta_monorepo/apps/notta-web/src/modules/resource/modules/resource-detail/layout/header/operation-area/OperationAgentChat.tsx:1:1
  × Module not found: Can't resolve 'laoye-prosemirror-utils' in '/Users/williamchen/notta_monorepo/apps/notta-web/src/modules/resource/modules/resource-detail/layout/header/operation-area'
   ╭─[5:20]
 3 │ import { memo, useMemo } from 'react';
 4 │ import { useMemoizedFn } from 'ahooks';
 5 │ import PMUtils from 'laoye-prosemirror-utils';
   ·                     ─────────────────────────
 6 │ import { SalesAgentFeatureEnum, transcriptionDomain, useAgentsDomain, useResourceDomain, useSalesAgentEnabled, useSalesAgentFeatureEnabled, useTranscriptionDomain } from '@notta/domain';
 7 │ import { AgentChatButton } from '@/modules/resource/components';
   ╰──── @ https://us-assets.i.posthog.com/static/posthog-recorder.js?v=1.386.6:0
[ 2180794ms] [ERROR] File: /Users/williamchen/notta_monorepo/apps/notta-web/src/modules/transcribe/modules/transcribe-entrances/entrance-btn/index.tsx:1:1
  × Module not found: Can't resolve 'react-lottie' in '/Users/williamchen/notta_monorepo/apps/notta-web/src/modules/transcribe/modules/transcribe-entrances/entrance-btn'
   ╭─[4:19]
 2 │ var _s = $RefreshSig$();
 3 │ import { memo, useState } from 'react';
 4 │ import Loitte from 'react-lottie';
   ·                    ──────────────
 5 │ import { useMemoizedFn, useMount } from 'ahooks';
 6 │ import cls from 'classnames';
   ╰──── @ https://us-assets.i.posthog.com/static/posthog-recorder.js?v=1.386.6:0
[ 2180794ms] [ERROR] File: /Users/williamchen/notta_monorepo/packages/components/src/ui/mc-llm-status-icon/index.tsx:1:1
  × Module not found: Can't resolve 'react-lottie' in '/Users/williamchen/notta_monorepo/packages/components/src/ui/mc-llm-status-icon'
   ╭─[2:19]
 1 │ import { jsxDEV as _jsxDEV } from "react/jsx-dev-runtime";
 2 │ import Lottie from 'react-lottie';
   ·                    ──────────────
 3 │ import { McSpin } from '../mc-spin';
 4 │ import { ReactComponent as LLMGeneratingSvg } from './llm-generating.svg';
   ╰──── @ https://us-assets.i.posthog.com/static/posthog-recorder.js?v=1.386.6:0
[ 2180795ms] [ERROR] File: /Users/williamchen/notta_monorepo/packages/domain/src/prosemirror/modules/comment/storage/editor.ts:1:1
  × Module not found: Can't resolve 'laoye-prosemirror-utils' in '/Users/williamchen/notta_monorepo/packages/domain/src/prosemirror/modules/comment/storage'
   ╭─[2:20]
 1 │ import isEmpty from "lodash-es/isEmpty";
 2 │ import PMUtils from 'laoye-prosemirror-utils';
   ·                     ─────────────────────────
 3 │ import { MCLogger } from '@mc/web-base-utils';
 4 │ import { NodeTypeEnum } from '@notta/domain';
   ╰──── @ https://us-assets.i.posthog.com/static/posthog-recorder.js?v=1.386.6:0
[ 2180795ms] [ERROR] File: /Users/williamchen/notta_monorepo/packages/domain/src/prosemirror/modules/notepad/utils/public.ts:1:1
  × Module not found: Can't resolve 'laoye-prosemirror-utils' in '/Users/williamchen/notta_monorepo/packages/domain/src/prosemirror/modules/notepad/utils'
   ╭─[1:20]
 1 │ import PMUtils from 'laoye-prosemirror-utils';
   ·                     ─────────────────────────
 2 │ import { NodeTypeEnum } from '@notta/domain';
 3 │ import { notepadDomain } from '../store';
   ╰──── @ https://us-assets.i.posthog.com/static/posthog-recorder.js?v=1.386.6:0
[ 2180795ms] [ERROR] File: /Users/williamchen/notta_monorepo/packages/domain/src/prosemirror/modules/transcription/services/comment.ts:1:1
  × Module not found: Can't resolve 'laoye-prosemirror-utils' in '/Users/williamchen/notta_monorepo/packages/domain/src/prosemirror/modules/transcription/services'
   ╭─[1:20]
 1 │ import PMUtils from 'laoye-prosemirror-utils';
   ·                     ─────────────────────────
 2 │ import { MarkTypeEnum, NodeTypeEnum } from '@notta/domain';
 3 │ import { commentDomain } from '../../comment';
   ╰──── @ https://us-assets.i.posthog.com/static/posthog-recorder.js?v=1.386.6:0
[ 2180795ms] [ERROR] File: /Users/williamchen/notta_monorepo/packages/domain/src/prosemirror/utils/node.ts:1:1
  × Module not found: Can't resolve 'laoye-prosemirror-utils' in '/Users/williamchen/notta_monorepo/packages/domain/src/prosemirror/utils'
   ╭─[1:20]
 1 │ import PMUtils from 'laoye-prosemirror-utils';
   ·                     ─────────────────────────
 2 │ import { globalDomain, resourceDomain } from '@notta/domain';
 3 │ import { MAX_EDIT_STEPS_FOR_VIEW_UPDATE } from '../common';
   ╰──── @ https://us-assets.i.posthog.com/static/posthog-recorder.js?v=1.386.6:0
[ 2208704ms] [ERROR] File: /Users/williamchen/notta_monorepo/apps/notta-web/src/components/loitte-animate/index.tsx:1:1
  × Module not found: Can't resolve 'react-lottie' in '/Users/williamchen/notta_monorepo/apps/notta-web/src/components/loitte-animate'
   ╭─[4:19]
 2 │ var _s = $RefreshSig$();
 3 │ import { memo, useState } from 'react';
 4 │ import Loitte from 'react-lottie';
   ·                    ──────────────
 5 │ import { useMount } from 'ahooks';
 6 │ import { MCLogger } from '@mc/web-base-utils';
   ╰──── @ https://us-assets.i.posthog.com/static/posthog-recorder.js?v=1.386.6:0
[ 2208704ms] [ERROR] File: /Users/williamchen/notta_monorepo/apps/notta-web/src/modules/agents/hooks/use-speaker-unknown-speaker-target.tsx:1:1
  × Module not found: Can't resolve 'laoye-prosemirror-utils' in '/Users/williamchen/notta_monorepo/apps/notta-web/src/modules/agents/hooks'
   ╭─[3:20]
 1 │ var _s = $RefreshSig$();
 2 │ import { useCallback } from 'react';
 3 │ import PMUtils from 'laoye-prosemirror-utils';
   ·                     ─────────────────────────
 4 │ import { assemblingSpeakerInfo, NodeTypeEnum, useResourceSpeakersDomain, useTranscriptionDomain } from '@notta/domain';
 5 │ export function useSpeakerUnknownSpeakerTarget() {
   ╰──── @ https://us-assets.i.posthog.com/static/posthog-recorder.js?v=1.386.6:0
[ 2208704ms] [ERROR] File: /Users/williamchen/notta_monorepo/apps/notta-web/src/modules/prosemirror/core/commands/methods/selection.ts:1:1
  × Module not found: Can't resolve 'laoye-prosemirror-utils' in '/Users/williamchen/notta_monorepo/apps/notta-web/src/modules/prosemirror/core/commands/methods'
   ╭─[1:20]
 1 │ import PMUtils from 'laoye-prosemirror-utils';
   ·                     ─────────────────────────
 2 │ import { GroupSpecEnum } from '@notta/domain';
 3 │ /**
   ╰──── @ https://us-assets.i.posthog.com/static/posthog-recorder.js?v=1.386.6:0
[ 2208704ms] [ERROR] File: /Users/williamchen/notta_monorepo/apps/notta-web/src/modules/prosemirror/core/commands/schemas/attrs/indent.ts:1:1
  × Module not found: Can't resolve 'laoye-prosemirror-utils' in '/Users/williamchen/notta_monorepo/apps/notta-web/src/modules/prosemirror/core/commands/schemas/attrs'
   ╭─[1:20]
 1 │ import PMUtils from 'laoye-prosemirror-utils';
   ·                     ─────────────────────────
 2 │ import { GroupSpecEnum, NodeTypeEnum } from '@notta/domain';
 3 │ import { UICommand } from '../UICommand';
   ╰──── @ https://us-assets.i.posthog.com/static/posthog-recorder.js?v=1.386.6:0
[ 2208704ms] [ERROR] File: /Users/williamchen/notta_monorepo/apps/notta-web/src/modules/prosemirror/core/commands/schemas/mark/comment.ts:1:1
  × Module not found: Can't resolve 'laoye-prosemirror-utils' in '/Users/williamchen/notta_monorepo/apps/notta-web/src/modules/prosemirror/core/commands/schemas/mark'
   ╭─[1:20]
 1 │ import PMUtils from 'laoye-prosemirror-utils';
   ·                     ─────────────────────────
 2 │ import { TextSelection } from 'prosemirror-state';
 3 │ import { MCLogger } from '@mc/web-base-utils';
   ╰──── @ https://us-assets.i.posthog.com/static/posthog-recorder.js?v=1.386.6:0
[ 2208704ms] [ERROR] File: /Users/williamchen/notta_monorepo/apps/notta-web/src/modules/prosemirror/core/commands/schemas/mark/toggle.ts:1:1
  × Module not found: Can't resolve 'laoye-prosemirror-utils' in '/Users/williamchen/notta_monorepo/apps/notta-web/src/modules/prosemirror/core/commands/schemas/mark'
   ╭─[1:20]
 1 │ import PMUtils from 'laoye-prosemirror-utils';
   ·                     ─────────────────────────
 2 │ import { MarkTypeEnum } from '@notta/domain';
 3 │ import { UICommand } from '../UICommand';
   ╰──── @ https://us-assets.i.posthog.com/static/posthog-recorder.js?v=1.386.6:0
[ 2208704ms] [ERROR] File: /Users/williamchen/notta_monorepo/apps/notta-web/src/modules/prosemirror/core/components/nodes/comment-stream/CommentReplySlot.tsx:1:1
  × Module not found: Can't resolve 'laoye-prosemirror-utils' in '/Users/williamchen/notta_monorepo/apps/notta-web/src/modules/prosemirror/core/components/nodes/comment-stream'
   ╭─[4:20]
 2 │ var _s = $RefreshSig$();
 3 │ import { useState } from 'react';
 4 │ import PMUtils from 'laoye-prosemirror-utils';
   ·                     ─────────────────────────
 5 │ import { GaDataLayer } from '@notta/base';
 6 │ import { commentFactory, NodeTypeEnum, useAccountDomain, useGlobalDomain } from '@notta/domain';
   ╰──── @ https://us-assets.i.posthog.com/static/posthog-recorder.js?v=1.386.6:0
[ 2208705ms] [ERROR] File: /Users/williamchen/notta_monorepo/apps/notta-web/src/modules/prosemirror/core/views/notepad-view/node-handler/handle-inserter/index.tsx:1:1
  × Module not found: Can't resolve 'laoye-prosemirror-utils' in '/Users/williamchen/notta_monorepo/apps/notta-web/src/modules/prosemirror/core/views/notepad-view/node-handler/handle-inserter'
   ╭─[4:20]
 2 │ var _s = $RefreshSig$();
 3 │ import classNames from 'classnames';
 4 │ import PMUtils from 'laoye-prosemirror-utils';
   ·                     ─────────────────────────
 5 │ import { PublicAdd } from 'notta-web-icon';
 6 │ import { NodeSelection } from 'prosemirror-state';
   ╰──── @ https://us-assets.i.posthog.com/static/posthog-recorder.js?v=1.386.6:0
[ 2208705ms] [ERROR] File: /Users/williamchen/notta_monorepo/apps/notta-web/src/modules/prosemirror/editors/parameter-editor/plugins/components/index.tsx:1:1
  × Module not found: Can't resolve 'laoye-prosemirror-utils' in '/Users/williamchen/notta_monorepo/apps/notta-web/src/modules/prosemirror/editors/parameter-editor/plugins/components'
   ╭─[7:20]
 5 │ import { useMemoizedFn } from 'ahooks';
 6 │ import { Tooltip } from 'antd';
 7 │ import PMUtils from 'laoye-prosemirror-utils';
   ·                     ─────────────────────────
 8 │ import { RecordLayoutEnum } from '@notta/base';
 9 │ import { NodeTypeEnum, useGlobalDomain } from '@notta/domain';
   ╰──── @ https://us-assets.i.posthog.com/static/posthog-recorder.js?v=1.386.6:0
[ 2208705ms] [ERROR] File: /Users/williamchen/notta_monorepo/apps/notta-web/src/modules/prosemirror/exposes/ai-notes-exposes/configs/keymap.ts:1:1
  × Module not found: Can't resolve 'laoye-prosemirror-utils' in '/Users/williamchen/notta_monorepo/apps/notta-web/src/modules/prosemirror/exposes/ai-notes-exposes/configs'
   ╭─[1:20]
 1 │ import PMUtils from 'laoye-prosemirror-utils';
   ·                     ─────────────────────────
 2 │ import { redo, undo } from 'prosemirror-history';
 3 │ import { changeToParagraphCommand, decreaseIndentCommand, deleteSelectionCommand, INDENT_COMMAND, insertSiblingTextCommand, joinBackwardCommand, MARK_SETTING_COMMAND, selectionNodeCommand, splitEnterCommand } from '@notta/prosemirror-module/core';
   ╰──── @ https://us-assets.i.posthog.com/static/posthog-recorder.js?v=1.386.6:0
[ 2208705ms] [ERROR] File: /Users/williamchen/notta_monorepo/apps/notta-web/src/modules/prosemirror/exposes/ai-notes-exposes/fragments/summary_accuracy_questionnaire/questionnaire-entrance.tsx:1:1
  × Module not found: Can't resolve 'laoye-prosemirror-utils' in '/Users/williamchen/notta_monorepo/apps/notta-web/src/modules/prosemirror/exposes/ai-notes-exposes/fragments/summary_accuracy_questionnaire'
   ╭─[6:20]
 4 │ import { useEffect, useState } from 'react';
 5 │ import { useMemoizedFn } from 'ahooks';
 6 │ import PMUtils from 'laoye-prosemirror-utils';
   ·                     ─────────────────────────
 7 │ import { GaDataLayer, LLMGenerationEnum } from '@notta/base';
 8 │ import { getCurrentMembership, NodeTypeEnum, useNotepadDomain } from '@notta/domain';
   ╰──── @ https://us-assets.i.posthog.com/static/posthog-recorder.js?v=1.386.6:0
[ 2208705ms] [ERROR] File: /Users/williamchen/notta_monorepo/apps/notta-web/src/modules/prosemirror/plugins/comment/mention/components/index.tsx:1:1
  × Module not found: Can't resolve 'laoye-prosemirror-utils' in '/Users/williamchen/notta_monorepo/apps/notta-web/src/modules/prosemirror/plugins/comment/mention/components'
   ╭─[5:20]
 3 │ import { forwardRef, useImperativeHandle, useRef, useState } from 'react';
 4 │ import { useMemoizedFn } from 'ahooks';
 5 │ import PMUtils from 'laoye-prosemirror-utils';
   ·                     ─────────────────────────
 6 │ import { RecordLayoutEnum } from '@notta/base';
 7 │ import { MentionList } from './mention-list';
   ╰──── @ https://us-assets.i.posthog.com/static/posthog-recorder.js?v=1.386.6:0
[ 2208705ms] [ERROR] File: /Users/williamchen/notta_monorepo/apps/notta-web/src/modules/prosemirror/plugins/common/dragger/index.ts:1:1
  × Module not found: Can't resolve 'laoye-prosemirror-utils' in '/Users/williamchen/notta_monorepo/apps/notta-web/src/modules/prosemirror/plugins/common/dragger'
   ╭─[1:20]
 1 │ import PMUtils from 'laoye-prosemirror-utils';
   ·                     ─────────────────────────
 2 │ import { NodeSelection, Plugin } from 'prosemirror-state';
 3 │ import { dropPoint } from 'prosemirror-transform';
   ╰──── @ https://us-assets.i.posthog.com/static/posthog-recorder.js?v=1.386.6:0
[ 2208705ms] [ERROR] File: /Users/williamchen/notta_monorepo/apps/notta-web/src/modules/prosemirror/plugins/common/ui-interaction/index.ts:1:1
  × Module not found: Can't resolve 'laoye-prosemirror-utils' in '/Users/williamchen/notta_monorepo/apps/notta-web/src/modules/prosemirror/plugins/common/ui-interaction'
   ╭─[1:20]
 1 │ import PMUtils from 'laoye-prosemirror-utils';
   ·                     ─────────────────────────
 2 │ import { NodeSelection, Plugin, TextSelection } from 'prosemirror-state';
 3 │ import { Decoration, DecorationSet } from 'prosemirror-view';
   ╰──── @ https://us-assets.i.posthog.com/static/posthog-recorder.js?v=1.386.6:0
[ 2208705ms] [ERROR] File: /Users/williamchen/notta_monorepo/apps/notta-web/src/modules/prosemirror/plugins/notepad/ai_regenerate/utils/index.ts:1:1
  × Module not found: Can't resolve 'laoye-prosemirror-utils' in '/Users/williamchen/notta_monorepo/apps/notta-web/src/modules/prosemirror/plugins/notepad/ai_regenerate/utils'
   ╭─[1:20]
 1 │ import PMUtils from 'laoye-prosemirror-utils';
   ·                     ─────────────────────────
 2 │ import { LLMGenerationEnum } from '@notta/base';
 3 │ import { isGeneratingAIBlock } from '@/modules/prosemirror/utils';
   ╰──── @ https://us-assets.i.posthog.com/static/posthog-recorder.js?v=1.386.6:0
[ 2208705ms] [ERROR] File: /Users/williamchen/notta_monorepo/apps/notta-web/src/modules/prosemirror/plugins/notepad/controller/events/update-assignee-nickname.ts:1:1
  × Module not found: Can't resolve 'laoye-prosemirror-utils' in '/Users/williamchen/notta_monorepo/apps/notta-web/src/modules/prosemirror/plugins/notepad/controller/events'
   ╭─[1:20]
 1 │ import PMUtils from 'laoye-prosemirror-utils';
   ·                     ─────────────────────────
 2 │ import { MCLogger } from '@mc/web-base-utils';
 3 │ import { memberDomain, NodeTypeEnum } from '@notta/domain';
   ╰──── @ https://us-assets.i.posthog.com/static/posthog-recorder.js?v=1.386.6:0
[ 2208705ms] [ERROR] File: /Users/williamchen/notta_monorepo/apps/notta-web/src/modules/prosemirror/plugins/notepad/toolbar-selection-text/plugin-view/index.tsx:1:1
  × Module not found: Can't resolve 'laoye-prosemirror-utils' in '/Users/williamchen/notta_monorepo/apps/notta-web/src/modules/prosemirror/plugins/notepad/toolbar-selection-text/plugin-view'
   ╭─[5:20]
 3 │ import { forwardRef, useEffect, useImperativeHandle, useRef, useState } from 'react';
 4 │ import { useMemoizedFn } from 'ahooks';
 5 │ import PMUtils from 'laoye-prosemirror-utils';
   ·                     ─────────────────────────
 6 │ import { MCLogger } from '@mc/web-base-utils';
 7 │ import { notepadDomain, useGlobalDomain, useLayoutDomain, useNotepadDomain } from '@notta/domain';
   ╰──── @ https://us-assets.i.posthog.com/static/posthog-recorder.js?v=1.386.6:0
[ 2208705ms] [ERROR] File: /Users/williamchen/notta_monorepo/apps/notta-web/src/modules/prosemirror/plugins/notepad/toolbar-selection-text/plugin-view/views/section-primary-nodes/index.tsx:1:1
  × Module not found: Can't resolve 'laoye-prosemirror-utils' in '/Users/williamchen/notta_monorepo/apps/notta-web/src/modules/prosemirror/plugins/notepad/toolbar-selection-text/plugin-view/views/section-primary-nodes'
   ╭─[6:20]
 4 │ import { useMemoizedFn } from 'ahooks';
 5 │ import { Dropdown } from 'antd';
 6 │ import PMUtils from 'laoye-prosemirror-utils';
   ·                     ─────────────────────────
 7 │ import { NotesText } from 'notta-web-icon';
 8 │ import { McActionItem, NotepadAISelector } from '@notta/components';
   ╰──── @ https://us-assets.i.posthog.com/static/posthog-recorder.js?v=1.386.6:0
[ 2208705ms] [ERROR] File: /Users/williamchen/notta_monorepo/apps/notta-web/src/modules/prosemirror/plugins/notepad/toolbar-shortcut/index.ts:1:1
  × Module not found: Can't resolve 'laoye-prosemirror-utils' in '/Users/williamchen/notta_monorepo/apps/notta-web/src/modules/prosemirror/plugins/notepad/toolbar-shortcut'
   ╭─[1:20]
 1 │ import PMUtils from 'laoye-prosemirror-utils';
   ·                     ─────────────────────────
 2 │ import { Plugin } from 'prosemirror-state';
 3 │ import { convertWidthChars, GaDataLayer, HalfWidthEnum, isSafeWidthChar } from '@notta/base';
   ╰──── @ https://us-assets.i.posthog.com/static/posthog-recorder.js?v=1.386.6:0
[ 2208706ms] [ERROR] File: /Users/williamchen/notta_monorepo/apps/notta-web/src/modules/prosemirror/plugins/notepad/toolbar-summary-ai/index.ts:1:1
  × Module not found: Can't resolve 'laoye-prosemirror-utils' in '/Users/williamchen/notta_monorepo/apps/notta-web/src/modules/prosemirror/plugins/notepad/toolbar-summary-ai'
   ╭─[1:20]
 1 │ import PMUtils from 'laoye-prosemirror-utils';
   ·                     ─────────────────────────
 2 │ import { Plugin } from 'prosemirror-state';
 3 │ import { emitter, GaDataLayer, HalfWidthEnum, isSafeWidthChar } from '@notta/base';
   ╰──── @ https://us-assets.i.posthog.com/static/posthog-recorder.js?v=1.386.6:0
[ 2208706ms] [ERROR] File: /Users/williamchen/notta_monorepo/apps/notta-web/src/modules/prosemirror/plugins/transcription/controller/events/repair-abnormal-word.ts:1:1
  × Module not found: Can't resolve 'laoye-prosemirror-utils' in '/Users/williamchen/notta_monorepo/apps/notta-web/src/modules/prosemirror/plugins/transcription/controller/events'
   ╭─[1:20]
 1 │ import PMUtils from 'laoye-prosemirror-utils';
   ·                     ─────────────────────────
 2 │ import { MCLogger } from '@mc/web-base-utils';
 3 │ import { MarkTypeEnum, MC_PMUtils, NodeTypeEnum } from '@notta/domain';
   ╰──── @ https://us-assets.i.posthog.com/static/posthog-recorder.js?v=1.386.6:0
[ 2208706ms] [ERROR] File: /Users/williamchen/notta_monorepo/apps/notta-web/src/modules/prosemirror/plugins/transcription/playback-highlight/index.ts:1:1
  × Module not found: Can't resolve 'laoye-prosemirror-utils' in '/Users/williamchen/notta_monorepo/apps/notta-web/src/modules/prosemirror/plugins/transcription/playback-highlight'
   ╭─[1:20]
 1 │ import PMUtils from 'laoye-prosemirror-utils';
   ·                     ─────────────────────────
 2 │ import { Plugin, PluginKey, TextSelection } from 'prosemirror-state';
 3 │ import { DecorationSet } from 'prosemirror-view';
   ╰──── @ https://us-assets.i.posthog.com/static/posthog-recorder.js?v=1.386.6:0
[ 2208706ms] [ERROR] File: /Users/williamchen/notta_monorepo/apps/notta-web/src/modules/prosemirror/plugins/transcription/playback-highlight/utils.ts:1:1
  × Module not found: Can't resolve 'laoye-prosemirror-utils' in '/Users/williamchen/notta_monorepo/apps/notta-web/src/modules/prosemirror/plugins/transcription/playback-highlight'
   ╭─[1:20]
 1 │ import PMUtils from 'laoye-prosemirror-utils';
   ·                     ─────────────────────────
 2 │ import { Decoration, DecorationSet } from 'prosemirror-view';
 3 │ import { MCLogger } from '@mc/web-base-utils';
   ╰──── @ https://us-assets.i.posthog.com/static/posthog-recorder.js?v=1.386.6:0
[ 2208706ms] [ERROR] File: /Users/williamchen/notta_monorepo/apps/notta-web/src/modules/prosemirror/plugins/transcription/toolbar-comment/components/common-toolbar.tsx:1:1
  × Module not found: Can't resolve 'laoye-prosemirror-utils' in '/Users/williamchen/notta_monorepo/apps/notta-web/src/modules/prosemirror/plugins/transcription/toolbar-comment/components'
   ╭─[5:20]
 3 │ import { useEffect, useRef, useState } from 'react';
 4 │ import { useMemoizedFn } from 'ahooks';
 5 │ import PMUtils from 'laoye-prosemirror-utils';
   ·                     ─────────────────────────
 6 │ import { getUuid, MCLogger } from '@mc/web-base-utils';
 7 │ import { RecordLayoutEnum } from '@notta/base';
   ╰──── @ https://us-assets.i.posthog.com/static/posthog-recorder.js?v=1.386.6:0
[ 2208706ms] [ERROR] File: /Users/williamchen/notta_monorepo/apps/notta-web/src/modules/prosemirror/plugins/transcription/toolbar-hovering/image-uploader/utils.ts:1:1
  × Module not found: Can't resolve 'laoye-prosemirror-utils' in '/Users/williamchen/notta_monorepo/apps/notta-web/src/modules/prosemirror/plugins/transcription/toolbar-hovering/image-uploader'
   ╭─[2:20]
 1 │ import { message } from 'antd';
 2 │ import PMUtils from 'laoye-prosemirror-utils';
   ·                     ─────────────────────────
 3 │ import { MCLogger } from '@mc/web-base-utils';
 4 │ import { accountDomain, globalDomain, ImagesStepEnum, MetaEnum, resourceDomain, transcribeDomain, transcriptionDomain, UPLOAD_IMAGES_MAX_NUMBER, websocketSessionManager } from '@notta/domain';
   ╰──── @ https://us-assets.i.posthog.com/static/posthog-recorder.js?v=1.386.6:0
[ 2208706ms] [ERROR] File: /Users/williamchen/notta_monorepo/apps/notta-web/src/modules/prosemirror/plugins/transcription/toolbar-multiple/index.tsx:1:1
  × Module not found: Can't resolve 'laoye-prosemirror-utils' in '/Users/williamchen/notta_monorepo/apps/notta-web/src/modules/prosemirror/plugins/transcription/toolbar-multiple'
   ╭─[1:20]
 1 │ import PMUtils from 'laoye-prosemirror-utils';
   ·                     ─────────────────────────
 2 │ import { Plugin } from 'prosemirror-state';
 3 │ import { Decoration, DecorationSet } from 'prosemirror-view';
   ╰──── @ https://us-assets.i.posthog.com/static/posthog-recorder.js?v=1.386.6:0
[ 2208706ms] [ERROR] File: /Users/williamchen/notta_monorepo/apps/notta-web/src/modules/prosemirror/plugins/transcription/toolbar-multiple/plugin-viewer/hooks/use-multiple-keyboard-control.ts:1:1
  × Module not found: Can't resolve 'laoye-prosemirror-utils' in '/Users/williamchen/notta_monorepo/apps/notta-web/src/modules/prosemirror/plugins/transcription/toolbar-multiple/plugin-viewer/hooks'
   ╭─[3:20]
 1 │ import { useEffect } from 'react';
 2 │ import { useMemoizedFn } from 'ahooks';
 3 │ import PMUtils from 'laoye-prosemirror-utils';
   ·                     ─────────────────────────
 4 │ import { Decoration } from 'prosemirror-view';
 5 │ import { useResourceDomain } from '@notta/domain';
   ╰──── @ https://us-assets.i.posthog.com/static/posthog-recorder.js?v=1.386.6:0
[ 2208706ms] [ERROR] File: /Users/williamchen/notta_monorepo/apps/notta-web/src/modules/prosemirror/plugins/transcription/toolbar-multiple/plugin-viewer/utils/index.ts:1:1
  × Module not found: Can't resolve 'laoye-prosemirror-utils' in '/Users/williamchen/notta_monorepo/apps/notta-web/src/modules/prosemirror/plugins/transcription/toolbar-multiple/plugin-viewer/utils'
   ╭─[2:20]
 1 │ import throttle from "lodash-es/throttle";
 2 │ import PMUtils from 'laoye-prosemirror-utils';
   ·                     ─────────────────────────
 3 │ import { Decoration } from 'prosemirror-view';
 4 │ import { layoutDomain, NodeTypeEnum, resourceDomain, transcriptionDomain } from '@notta/domain';
   ╰──── @ https://us-assets.i.posthog.com/static/posthog-recorder.js?v=1.386.6:0
[ 2208706ms] [ERROR] File: /Users/williamchen/notta_monorepo/apps/notta-web/src/modules/prosemirror/plugins/transcription/toolbar-multiple/plugin-viewer/views/index.tsx:1:1
  × Module not found: Can't resolve 'laoye-prosemirror-utils' in '/Users/williamchen/notta_monorepo/apps/notta-web/src/modules/prosemirror/plugins/transcription/toolbar-multiple/plugin-viewer/views'
   ╭─[6:20]
 4 │ import { createPortal } from 'react-dom';
 5 │ import { useMemoizedFn } from 'ahooks';
 6 │ import PMUtils from 'laoye-prosemirror-utils';
   ·                     ─────────────────────────
 7 │ import { transcriptionDomain, useLayoutDomain } from '@notta/domain';
 8 │ import { useMultipleKeyboardControl } from '../hooks';
   ╰──── @ https://us-assets.i.posthog.com/static/posthog-recorder.js?v=1.386.6:0
[ 2208706ms] [ERROR] File: /Users/williamchen/notta_monorepo/apps/notta-web/src/modules/prosemirror/plugins/transcription/toolbar-multiple/plugin-viewer/views/toolbar-actions/ActionShare.tsx:1:1
  × Module not found: Can't resolve 'laoye-prosemirror-utils' in '/Users/williamchen/notta_monorepo/apps/notta-web/src/modules/prosemirror/plugins/transcription/toolbar-multiple/plugin-viewer/views/toolbar-actions'
   ╭─[4:20]
 2 │ var _s = $RefreshSig$();
 3 │ import { memo } from 'react';
 4 │ import PMUtils from 'laoye-prosemirror-utils';
   ·                     ─────────────────────────
 5 │ import { RecordsShare } from 'notta-web-icon';
 6 │ import { useGlobalDomain } from '@notta/domain';
   ╰──── @ https://us-assets.i.posthog.com/static/posthog-recorder.js?v=1.386.6:0
[ 2208706ms] [ERROR] File: /Users/williamchen/notta_monorepo/apps/notta-web/src/modules/prosemirror/plugins/transcription/toolbar-selection/index.ts:1:1
  × Module not found: Can't resolve 'laoye-prosemirror-utils' in '/Users/williamchen/notta_monorepo/apps/notta-web/src/modules/prosemirror/plugins/transcription/toolbar-selection'
   ╭─[1:20]
 1 │ import PMUtils from 'laoye-prosemirror-utils';
   ·                     ─────────────────────────
 2 │ import { Plugin } from 'prosemirror-state';
 3 │ import { globalDomain, layoutDomain, MC_PMUtils, NodeTypeEnum } from '@notta/domain';
   ╰──── @ https://us-assets.i.posthog.com/static/posthog-recorder.js?v=1.386.6:0
[ 2208706ms] [ERROR] File: /Users/williamchen/notta_monorepo/apps/notta-web/src/modules/prosemirror/plugins/transcription/toolbar-selection/plugin-view/index.tsx:1:1
  × Module not found: Can't resolve 'laoye-prosemirror-utils' in '/Users/williamchen/notta_monorepo/apps/notta-web/src/modules/prosemirror/plugins/transcription/toolbar-selection/plugin-view'
   ╭─[5:20]
 3 │ import { forwardRef, useEffect, useImperativeHandle, useState } from 'react';
 4 │ import { useMemoizedFn, useUnmount } from 'ahooks';
 5 │ import PMUtils from 'laoye-prosemirror-utils';
   ·                     ─────────────────────────
 6 │ import { dataAttr } from '@notta/base';
 7 │ import { transcriptionDomain, useLayoutDomain, useResourceDomain, useTranscriptionDomain } from '@notta/domain';
   ╰──── @ https://us-assets.i.posthog.com/static/posthog-recorder.js?v=1.386.6:0
[ 2208706ms] [ERROR] File: /Users/williamchen/notta_monorepo/apps/notta-web/src/modules/prosemirror/utils/business/images.ts:1:1
  × Module not found: Can't resolve 'laoye-prosemirror-utils' in '/Users/williamchen/notta_monorepo/apps/notta-web/src/modules/prosemirror/utils/business'
   ╭─[6:20]
 4 │  *   - 业务场景：节点删除、选区删除、键盘指令、节点合并
 5 │  */ import { message } from 'antd';
 6 │ import PMUtils from 'laoye-prosemirror-utils';
   ·                     ─────────────────────────
 7 │ import { MAX_UPLOAD_FILE_SIZE_IN_M } from '@notta/base';
 8 │ import { globalDomain } from '@notta/domain';
   ╰──── @ https://us-assets.i.posthog.com/static/posthog-recorder.js?v=1.386.6:0
[ 2208707ms] [ERROR] File: /Users/williamchen/notta_monorepo/apps/notta-web/src/modules/prosemirror/utils/business/multilingual.ts:1:1
  × Module not found: Can't resolve 'laoye-prosemirror-utils' in '/Users/williamchen/notta_monorepo/apps/notta-web/src/modules/prosemirror/utils/business'
   ╭─[1:20]
 1 │ import PMUtils from 'laoye-prosemirror-utils';
   ·                     ─────────────────────────
 2 │ import { TextSelection } from 'prosemirror-state';
 3 │ import { GaDataLayer } from '@notta/base';
   ╰──── @ https://us-assets.i.posthog.com/static/posthog-recorder.js?v=1.386.6:0
[ 2208707ms] [ERROR] File: /Users/williamchen/notta_monorepo/apps/notta-web/src/modules/prosemirror/utils/business/summary-generating.ts:1:1
  × Module not found: Can't resolve 'laoye-prosemirror-utils' in '/Users/williamchen/notta_monorepo/apps/notta-web/src/modules/prosemirror/utils/business'
   ╭─[2:20]
 1 │ import { message } from 'antd';
 2 │ import PMUtils from 'laoye-prosemirror-utils';
   ·                     ─────────────────────────
 3 │ import { TextSelection } from 'prosemirror-state';
 4 │ import { LLMGenerationEnum } from '@notta/base';
   ╰──── @ https://us-assets.i.posthog.com/static/posthog-recorder.js?v=1.386.6:0
[ 2208707ms] [ERROR] File: /Users/williamchen/notta_monorepo/apps/notta-web/src/modules/prosemirror/utils/copy-contents/transcription.ts:1:1
  × Module not found: Can't resolve 'laoye-prosemirror-utils' in '/Users/williamchen/notta_monorepo/apps/notta-web/src/modules/prosemirror/utils/copy-contents'
   ╭─[4:20]
 2 │ import copy from 'copy-to-clipboard';
 3 │ import dayjs from 'dayjs';
 4 │ import PMUtils from 'laoye-prosemirror-utils';
   ·                     ─────────────────────────
 5 │ import { emitter } from '@notta/base';
 6 │ import { getLocalTimezone, globalDomain, NodeTypeEnum, transcriptionDomain, TranslatedShowModelEnum } from '@notta/domain';
   ╰──── @ https://us-assets.i.posthog.com/static/posthog-recorder.js?v=1.386.6:0
[ 2208707ms] [ERROR] File: /Users/williamchen/notta_monorepo/apps/notta-web/src/modules/resource/modules/resource-detail/layout/header/operation-area/OperationAgentChat.tsx:1:1
  × Module not found: Can't resolve 'laoye-prosemirror-utils' in '/Users/williamchen/notta_monorepo/apps/notta-web/src/modules/resource/modules/resource-detail/layout/header/operation-area'
   ╭─[5:20]
 3 │ import { memo, useMemo } from 'react';
 4 │ import { useMemoizedFn } from 'ahooks';
 5 │ import PMUtils from 'laoye-prosemirror-utils';
   ·                     ─────────────────────────
 6 │ import { SalesAgentFeatureEnum, transcriptionDomain, useAgentsDomain, useResourceDomain, useSalesAgentEnabled, useSalesAgentFeatureEnabled, useTranscriptionDomain } from '@notta/domain';
 7 │ import { AgentChatButton } from '@/modules/resource/components';
   ╰──── @ https://us-assets.i.posthog.com/static/posthog-recorder.js?v=1.386.6:0
[ 2208707ms] [ERROR] File: /Users/williamchen/notta_monorepo/apps/notta-web/src/modules/transcribe/modules/transcribe-entrances/entrance-btn/index.tsx:1:1
  × Module not found: Can't resolve 'react-lottie' in '/Users/williamchen/notta_monorepo/apps/notta-web/src/modules/transcribe/modules/transcribe-entrances/entrance-btn'
   ╭─[4:19]
 2 │ var _s = $RefreshSig$();
 3 │ import { memo, useState } from 'react';
 4 │ import Loitte from 'react-lottie';
   ·                    ──────────────
 5 │ import { useMemoizedFn, useMount } from 'ahooks';
 6 │ import cls from 'classnames';
   ╰──── @ https://us-assets.i.posthog.com/static/posthog-recorder.js?v=1.386.6:0
[ 2208707ms] [ERROR] File: /Users/williamchen/notta_monorepo/packages/components/src/ui/mc-llm-status-icon/index.tsx:1:1
  × Module not found: Can't resolve 'react-lottie' in '/Users/williamchen/notta_monorepo/packages/components/src/ui/mc-llm-status-icon'
   ╭─[2:19]
 1 │ import { jsxDEV as _jsxDEV } from "react/jsx-dev-runtime";
 2 │ import Lottie from 'react-lottie';
   ·                    ──────────────
 3 │ import { McSpin } from '../mc-spin';
 4 │ import { ReactComponent as LLMGeneratingSvg } from './llm-generating.svg';
   ╰──── @ https://us-assets.i.posthog.com/static/posthog-recorder.js?v=1.386.6:0
[ 2208707ms] [ERROR] File: /Users/williamchen/notta_monorepo/packages/domain/src/prosemirror/modules/comment/storage/editor.ts:1:1
  × Module not found: Can't resolve 'laoye-prosemirror-utils' in '/Users/williamchen/notta_monorepo/packages/domain/src/prosemirror/modules/comment/storage'
   ╭─[2:20]
 1 │ import isEmpty from "lodash-es/isEmpty";
 2 │ import PMUtils from 'laoye-prosemirror-utils';
   ·                     ─────────────────────────
 3 │ import { MCLogger } from '@mc/web-base-utils';
 4 │ import { NodeTypeEnum } from '@notta/domain';
   ╰──── @ https://us-assets.i.posthog.com/static/posthog-recorder.js?v=1.386.6:0
[ 2208707ms] [ERROR] File: /Users/williamchen/notta_monorepo/packages/domain/src/prosemirror/modules/notepad/utils/public.ts:1:1
  × Module not found: Can't resolve 'laoye-prosemirror-utils' in '/Users/williamchen/notta_monorepo/packages/domain/src/prosemirror/modules/notepad/utils'
   ╭─[1:20]
 1 │ import PMUtils from 'laoye-prosemirror-utils';
   ·                     ─────────────────────────
 2 │ import { NodeTypeEnum } from '@notta/domain';
 3 │ import { notepadDomain } from '../store';
   ╰──── @ https://us-assets.i.posthog.com/static/posthog-recorder.js?v=1.386.6:0
[ 2208707ms] [ERROR] File: /Users/williamchen/notta_monorepo/packages/domain/src/prosemirror/modules/transcription/services/comment.ts:1:1
  × Module not found: Can't resolve 'laoye-prosemirror-utils' in '/Users/williamchen/notta_monorepo/packages/domain/src/prosemirror/modules/transcription/services'
   ╭─[1:20]
 1 │ import PMUtils from 'laoye-prosemirror-utils';
   ·                     ─────────────────────────
 2 │ import { MarkTypeEnum, NodeTypeEnum } from '@notta/domain';
 3 │ import { commentDomain } from '../../comment';
   ╰──── @ https://us-assets.i.posthog.com/static/posthog-recorder.js?v=1.386.6:0
[ 2208707ms] [ERROR] File: /Users/williamchen/notta_monorepo/packages/domain/src/prosemirror/utils/node.ts:1:1
  × Module not found: Can't resolve 'laoye-prosemirror-utils' in '/Users/williamchen/notta_monorepo/packages/domain/src/prosemirror/utils'
   ╭─[1:20]
 1 │ import PMUtils from 'laoye-prosemirror-utils';
   ·                     ─────────────────────────
 2 │ import { globalDomain, resourceDomain } from '@notta/domain';
 3 │ import { MAX_EDIT_STEPS_FOR_VIEW_UPDATE } from '../common';
   ╰──── @ https://us-assets.i.posthog.com/static/posthog-recorder.js?v=1.386.6:0
[ 3103653ms] [INFO] [HMR] disconnected. Attempting to reconnect. @ https://us-assets.i.posthog.com/static/posthog-recorder.js?v=1.386.6:0
[ 3105160ms] [INFO] [HMR] connected. @ https://us-assets.i.posthog.com/static/posthog-recorder.js?v=1.386.6:0
[ 3105229ms] [ERROR] File: /Users/williamchen/notta_monorepo/apps/notta-web/src/components/loitte-animate/index.tsx:1:1
  × Module not found: Can't resolve 'react-lottie' in '/Users/williamchen/notta_monorepo/apps/notta-web/src/components/loitte-animate'
   ╭─[4:19]
 2 │ var _s = $RefreshSig$();
 3 │ import { memo, useState } from 'react';
 4 │ import Loitte from 'react-lottie';
   ·                    ──────────────
 5 │ import { useMount } from 'ahooks';
 6 │ import { MCLogger } from '@mc/web-base-utils';
   ╰──── @ https://us-assets.i.posthog.com/static/posthog-recorder.js?v=1.386.6:0
[ 3105229ms] [ERROR] File: /Users/williamchen/notta_monorepo/apps/notta-web/src/modules/agents/hooks/use-speaker-unknown-speaker-target.tsx:1:1
  × Module not found: Can't resolve 'laoye-prosemirror-utils' in '/Users/williamchen/notta_monorepo/apps/notta-web/src/modules/agents/hooks'
   ╭─[3:20]
 1 │ var _s = $RefreshSig$();
 2 │ import { useCallback } from 'react';
 3 │ import PMUtils from 'laoye-prosemirror-utils';
   ·                     ─────────────────────────
 4 │ import { assemblingSpeakerInfo, NodeTypeEnum, useResourceSpeakersDomain, useTranscriptionDomain } from '@notta/domain';
 5 │ export function useSpeakerUnknownSpeakerTarget() {
   ╰──── @ https://us-assets.i.posthog.com/static/posthog-recorder.js?v=1.386.6:0
[ 3105229ms] [ERROR] File: /Users/williamchen/notta_monorepo/apps/notta-web/src/modules/prosemirror/core/commands/methods/selection.ts:1:1
  × Module not found: Can't resolve 'laoye-prosemirror-utils' in '/Users/williamchen/notta_monorepo/apps/notta-web/src/modules/prosemirror/core/commands/methods'
   ╭─[1:20]
 1 │ import PMUtils from 'laoye-prosemirror-utils';
   ·                     ─────────────────────────
 2 │ import { GroupSpecEnum } from '@notta/domain';
 3 │ /**
   ╰──── @ https://us-assets.i.posthog.com/static/posthog-recorder.js?v=1.386.6:0
[ 3105229ms] [ERROR] File: /Users/williamchen/notta_monorepo/apps/notta-web/src/modules/prosemirror/core/commands/schemas/attrs/indent.ts:1:1
  × Module not found: Can't resolve 'laoye-prosemirror-utils' in '/Users/williamchen/notta_monorepo/apps/notta-web/src/modules/prosemirror/core/commands/schemas/attrs'
   ╭─[1:20]
 1 │ import PMUtils from 'laoye-prosemirror-utils';
   ·                     ─────────────────────────
 2 │ import { GroupSpecEnum, NodeTypeEnum } from '@notta/domain';
 3 │ import { UICommand } from '../UICommand';
   ╰──── @ https://us-assets.i.posthog.com/static/posthog-recorder.js?v=1.386.6:0
[ 3105229ms] [ERROR] File: /Users/williamchen/notta_monorepo/apps/notta-web/src/modules/prosemirror/core/commands/schemas/mark/comment.ts:1:1
  × Module not found: Can't resolve 'laoye-prosemirror-utils' in '/Users/williamchen/notta_monorepo/apps/notta-web/src/modules/prosemirror/core/commands/schemas/mark'
   ╭─[1:20]
 1 │ import PMUtils from 'laoye-prosemirror-utils';
   ·                     ─────────────────────────
 2 │ import { TextSelection } from 'prosemirror-state';
 3 │ import { MCLogger } from '@mc/web-base-utils';
   ╰──── @ https://us-assets.i.posthog.com/static/posthog-recorder.js?v=1.386.6:0
[ 3105230ms] [ERROR] File: /Users/williamchen/notta_monorepo/apps/notta-web/src/modules/prosemirror/core/commands/schemas/mark/toggle.ts:1:1
  × Module not found: Can't resolve 'laoye-prosemirror-utils' in '/Users/williamchen/notta_monorepo/apps/notta-web/src/modules/prosemirror/core/commands/schemas/mark'
   ╭─[1:20]
 1 │ import PMUtils from 'laoye-prosemirror-utils';
   ·                     ─────────────────────────
 2 │ import { MarkTypeEnum } from '@notta/domain';
 3 │ import { UICommand } from '../UICommand';
   ╰──── @ https://us-assets.i.posthog.com/static/posthog-recorder.js?v=1.386.6:0
[ 3105230ms] [ERROR] File: /Users/williamchen/notta_monorepo/apps/notta-web/src/modules/prosemirror/core/components/nodes/comment-stream/CommentReplySlot.tsx:1:1
  × Module not found: Can't resolve 'laoye-prosemirror-utils' in '/Users/williamchen/notta_monorepo/apps/notta-web/src/modules/prosemirror/core/components/nodes/comment-stream'
   ╭─[4:20]
 2 │ var _s = $RefreshSig$();
 3 │ import { useState } from 'react';
 4 │ import PMUtils from 'laoye-prosemirror-utils';
   ·                     ─────────────────────────
 5 │ import { GaDataLayer } from '@notta/base';
 6 │ import { commentFactory, NodeTypeEnum, useAccountDomain, useGlobalDomain } from '@notta/domain';
   ╰──── @ https://us-assets.i.posthog.com/static/posthog-recorder.js?v=1.386.6:0
[ 3105230ms] [ERROR] File: /Users/williamchen/notta_monorepo/apps/notta-web/src/modules/prosemirror/core/views/notepad-view/node-handler/handle-inserter/index.tsx:1:1
  × Module not found: Can't resolve 'laoye-prosemirror-utils' in '/Users/williamchen/notta_monorepo/apps/notta-web/src/modules/prosemirror/core/views/notepad-view/node-handler/handle-inserter'
   ╭─[4:20]
 2 │ var _s = $RefreshSig$();
 3 │ import classNames from 'classnames';
 4 │ import PMUtils from 'laoye-prosemirror-utils';
   ·                     ─────────────────────────
 5 │ import { PublicAdd } from 'notta-web-icon';
 6 │ import { NodeSelection } from 'prosemirror-state';
   ╰──── @ https://us-assets.i.posthog.com/static/posthog-recorder.js?v=1.386.6:0
[ 3105230ms] [ERROR] File: /Users/williamchen/notta_monorepo/apps/notta-web/src/modules/prosemirror/editors/parameter-editor/plugins/components/index.tsx:1:1
  × Module not found: Can't resolve 'laoye-prosemirror-utils' in '/Users/williamchen/notta_monorepo/apps/notta-web/src/modules/prosemirror/editors/parameter-editor/plugins/components'
   ╭─[7:20]
 5 │ import { useMemoizedFn } from 'ahooks';
 6 │ import { Tooltip } from 'antd';
 7 │ import PMUtils from 'laoye-prosemirror-utils';
   ·                     ─────────────────────────
 8 │ import { RecordLayoutEnum } from '@notta/base';
 9 │ import { NodeTypeEnum, useGlobalDomain } from '@notta/domain';
   ╰──── @ https://us-assets.i.posthog.com/static/posthog-recorder.js?v=1.386.6:0
[ 3105230ms] [ERROR] File: /Users/williamchen/notta_monorepo/apps/notta-web/src/modules/prosemirror/exposes/ai-notes-exposes/configs/keymap.ts:1:1
  × Module not found: Can't resolve 'laoye-prosemirror-utils' in '/Users/williamchen/notta_monorepo/apps/notta-web/src/modules/prosemirror/exposes/ai-notes-exposes/configs'
   ╭─[1:20]
 1 │ import PMUtils from 'laoye-prosemirror-utils';
   ·                     ─────────────────────────
 2 │ import { redo, undo } from 'prosemirror-history';
 3 │ import { changeToParagraphCommand, decreaseIndentCommand, deleteSelectionCommand, INDENT_COMMAND, insertSiblingTextCommand, joinBackwardCommand, MARK_SETTING_COMMAND, selectionNodeCommand, splitEnterCommand } from '@notta/prosemirror-module/core';
   ╰──── @ https://us-assets.i.posthog.com/static/posthog-recorder.js?v=1.386.6:0
[ 3105230ms] [ERROR] File: /Users/williamchen/notta_monorepo/apps/notta-web/src/modules/prosemirror/exposes/ai-notes-exposes/fragments/summary_accuracy_questionnaire/questionnaire-entrance.tsx:1:1
  × Module not found: Can't resolve 'laoye-prosemirror-utils' in '/Users/williamchen/notta_monorepo/apps/notta-web/src/modules/prosemirror/exposes/ai-notes-exposes/fragments/summary_accuracy_questionnaire'
   ╭─[6:20]
 4 │ import { useEffect, useState } from 'react';
 5 │ import { useMemoizedFn } from 'ahooks';
 6 │ import PMUtils from 'laoye-prosemirror-utils';
   ·                     ─────────────────────────
 7 │ import { GaDataLayer, LLMGenerationEnum } from '@notta/base';
 8 │ import { getCurrentMembership, NodeTypeEnum, useNotepadDomain } from '@notta/domain';
   ╰──── @ https://us-assets.i.posthog.com/static/posthog-recorder.js?v=1.386.6:0
[ 3105230ms] [ERROR] File: /Users/williamchen/notta_monorepo/apps/notta-web/src/modules/prosemirror/plugins/comment/mention/components/index.tsx:1:1
  × Module not found: Can't resolve 'laoye-prosemirror-utils' in '/Users/williamchen/notta_monorepo/apps/notta-web/src/modules/prosemirror/plugins/comment/mention/components'
   ╭─[5:20]
 3 │ import { forwardRef, useImperativeHandle, useRef, useState } from 'react';
 4 │ import { useMemoizedFn } from 'ahooks';
 5 │ import PMUtils from 'laoye-prosemirror-utils';
   ·                     ─────────────────────────
 6 │ import { RecordLayoutEnum } from '@notta/base';
 7 │ import { MentionList } from './mention-list';
   ╰──── @ https://us-assets.i.posthog.com/static/posthog-recorder.js?v=1.386.6:0
[ 3105230ms] [ERROR] File: /Users/williamchen/notta_monorepo/apps/notta-web/src/modules/prosemirror/plugins/common/dragger/index.ts:1:1
  × Module not found: Can't resolve 'laoye-prosemirror-utils' in '/Users/williamchen/notta_monorepo/apps/notta-web/src/modules/prosemirror/plugins/common/dragger'
   ╭─[1:20]
 1 │ import PMUtils from 'laoye-prosemirror-utils';
   ·                     ─────────────────────────
 2 │ import { NodeSelection, Plugin } from 'prosemirror-state';
 3 │ import { dropPoint } from 'prosemirror-transform';
   ╰──── @ https://us-assets.i.posthog.com/static/posthog-recorder.js?v=1.386.6:0
[ 3105230ms] [ERROR] File: /Users/williamchen/notta_monorepo/apps/notta-web/src/modules/prosemirror/plugins/common/ui-interaction/index.ts:1:1
  × Module not found: Can't resolve 'laoye-prosemirror-utils' in '/Users/williamchen/notta_monorepo/apps/notta-web/src/modules/prosemirror/plugins/common/ui-interaction'
   ╭─[1:20]
 1 │ import PMUtils from 'laoye-prosemirror-utils';
   ·                     ─────────────────────────
 2 │ import { NodeSelection, Plugin, TextSelection } from 'prosemirror-state';
 3 │ import { Decoration, DecorationSet } from 'prosemirror-view';
   ╰──── @ https://us-assets.i.posthog.com/static/posthog-recorder.js?v=1.386.6:0
[ 3105230ms] [ERROR] File: /Users/williamchen/notta_monorepo/apps/notta-web/src/modules/prosemirror/plugins/notepad/ai_regenerate/utils/index.ts:1:1
  × Module not found: Can't resolve 'laoye-prosemirror-utils' in '/Users/williamchen/notta_monorepo/apps/notta-web/src/modules/prosemirror/plugins/notepad/ai_regenerate/utils'
   ╭─[1:20]
 1 │ import PMUtils from 'laoye-prosemirror-utils';
   ·                     ─────────────────────────
 2 │ import { LLMGenerationEnum } from '@notta/base';
 3 │ import { isGeneratingAIBlock } from '@/modules/prosemirror/utils';
   ╰──── @ https://us-assets.i.posthog.com/static/posthog-recorder.js?v=1.386.6:0
[ 3105230ms] [ERROR] File: /Users/williamchen/notta_monorepo/apps/notta-web/src/modules/prosemirror/plugins/notepad/controller/events/update-assignee-nickname.ts:1:1
  × Module not found: Can't resolve 'laoye-prosemirror-utils' in '/Users/williamchen/notta_monorepo/apps/notta-web/src/modules/prosemirror/plugins/notepad/controller/events'
   ╭─[1:20]
 1 │ import PMUtils from 'laoye-prosemirror-utils';
   ·                     ─────────────────────────
 2 │ import { MCLogger } from '@mc/web-base-utils';
 3 │ import { memberDomain, NodeTypeEnum } from '@notta/domain';
   ╰──── @ https://us-assets.i.posthog.com/static/posthog-recorder.js?v=1.386.6:0
[ 3105230ms] [ERROR] File: /Users/williamchen/notta_monorepo/apps/notta-web/src/modules/prosemirror/plugins/notepad/toolbar-selection-text/plugin-view/index.tsx:1:1
  × Module not found: Can't resolve 'laoye-prosemirror-utils' in '/Users/williamchen/notta_monorepo/apps/notta-web/src/modules/prosemirror/plugins/notepad/toolbar-selection-text/plugin-view'
   ╭─[5:20]
 3 │ import { forwardRef, useEffect, useImperativeHandle, useRef, useState } from 'react';
 4 │ import { useMemoizedFn } from 'ahooks';
 5 │ import PMUtils from 'laoye-prosemirror-utils';
   ·                     ─────────────────────────
 6 │ import { MCLogger } from '@mc/web-base-utils';
 7 │ import { notepadDomain, useGlobalDomain, useLayoutDomain, useNotepadDomain } from '@notta/domain';
   ╰──── @ https://us-assets.i.posthog.com/static/posthog-recorder.js?v=1.386.6:0
[ 3105230ms] [ERROR] File: /Users/williamchen/notta_monorepo/apps/notta-web/src/modules/prosemirror/plugins/notepad/toolbar-selection-text/plugin-view/views/section-primary-nodes/index.tsx:1:1
  × Module not found: Can't resolve 'laoye-prosemirror-utils' in '/Users/williamchen/notta_monorepo/apps/notta-web/src/modules/prosemirror/plugins/notepad/toolbar-selection-text/plugin-view/views/section-primary-nodes'
   ╭─[6:20]
 4 │ import { useMemoizedFn } from 'ahooks';
 5 │ import { Dropdown } from 'antd';
 6 │ import PMUtils from 'laoye-prosemirror-utils';
   ·                     ─────────────────────────
 7 │ import { NotesText } from 'notta-web-icon';
 8 │ import { McActionItem, NotepadAISelector } from '@notta/components';
   ╰──── @ https://us-assets.i.posthog.com/static/posthog-recorder.js?v=1.386.6:0
[ 3105231ms] [ERROR] File: /Users/williamchen/notta_monorepo/apps/notta-web/src/modules/prosemirror/plugins/notepad/toolbar-shortcut/index.ts:1:1
  × Module not found: Can't resolve 'laoye-prosemirror-utils' in '/Users/williamchen/notta_monorepo/apps/notta-web/src/modules/prosemirror/plugins/notepad/toolbar-shortcut'
   ╭─[1:20]
 1 │ import PMUtils from 'laoye-prosemirror-utils';
   ·                     ─────────────────────────
 2 │ import { Plugin } from 'prosemirror-state';
 3 │ import { convertWidthChars, GaDataLayer, HalfWidthEnum, isSafeWidthChar } from '@notta/base';
   ╰──── @ https://us-assets.i.posthog.com/static/posthog-recorder.js?v=1.386.6:0
[ 3105231ms] [ERROR] File: /Users/williamchen/notta_monorepo/apps/notta-web/src/modules/prosemirror/plugins/notepad/toolbar-summary-ai/index.ts:1:1
  × Module not found: Can't resolve 'laoye-prosemirror-utils' in '/Users/williamchen/notta_monorepo/apps/notta-web/src/modules/prosemirror/plugins/notepad/toolbar-summary-ai'
   ╭─[1:20]
 1 │ import PMUtils from 'laoye-prosemirror-utils';
   ·                     ─────────────────────────
 2 │ import { Plugin } from 'prosemirror-state';
 3 │ import { emitter, GaDataLayer, HalfWidthEnum, isSafeWidthChar } from '@notta/base';
   ╰──── @ https://us-assets.i.posthog.com/static/posthog-recorder.js?v=1.386.6:0
[ 3105231ms] [ERROR] File: /Users/williamchen/notta_monorepo/apps/notta-web/src/modules/prosemirror/plugins/transcription/controller/events/repair-abnormal-word.ts:1:1
  × Module not found: Can't resolve 'laoye-prosemirror-utils' in '/Users/williamchen/notta_monorepo/apps/notta-web/src/modules/prosemirror/plugins/transcription/controller/events'
   ╭─[1:20]
 1 │ import PMUtils from 'laoye-prosemirror-utils';
   ·                     ─────────────────────────
 2 │ import { MCLogger } from '@mc/web-base-utils';
 3 │ import { MarkTypeEnum, MC_PMUtils, NodeTypeEnum } from '@notta/domain';
   ╰──── @ https://us-assets.i.posthog.com/static/posthog-recorder.js?v=1.386.6:0
[ 3105231ms] [ERROR] File: /Users/williamchen/notta_monorepo/apps/notta-web/src/modules/prosemirror/plugins/transcription/playback-highlight/index.ts:1:1
  × Module not found: Can't resolve 'laoye-prosemirror-utils' in '/Users/williamchen/notta_monorepo/apps/notta-web/src/modules/prosemirror/plugins/transcription/playback-highlight'
   ╭─[1:20]
 1 │ import PMUtils from 'laoye-prosemirror-utils';
   ·                     ─────────────────────────
 2 │ import { Plugin, PluginKey, TextSelection } from 'prosemirror-state';
 3 │ import { DecorationSet } from 'prosemirror-view';
   ╰──── @ https://us-assets.i.posthog.com/static/posthog-recorder.js?v=1.386.6:0
[ 3105231ms] [ERROR] File: /Users/williamchen/notta_monorepo/apps/notta-web/src/modules/prosemirror/plugins/transcription/playback-highlight/utils.ts:1:1
  × Module not found: Can't resolve 'laoye-prosemirror-utils' in '/Users/williamchen/notta_monorepo/apps/notta-web/src/modules/prosemirror/plugins/transcription/playback-highlight'
   ╭─[1:20]
 1 │ import PMUtils from 'laoye-prosemirror-utils';
   ·                     ─────────────────────────
 2 │ import { Decoration, DecorationSet } from 'prosemirror-view';
 3 │ import { MCLogger } from '@mc/web-base-utils';
   ╰──── @ https://us-assets.i.posthog.com/static/posthog-recorder.js?v=1.386.6:0
[ 3105231ms] [ERROR] File: /Users/williamchen/notta_monorepo/apps/notta-web/src/modules/prosemirror/plugins/transcription/toolbar-comment/components/common-toolbar.tsx:1:1
  × Module not found: Can't resolve 'laoye-prosemirror-utils' in '/Users/williamchen/notta_monorepo/apps/notta-web/src/modules/prosemirror/plugins/transcription/toolbar-comment/components'
   ╭─[5:20]
 3 │ import { useEffect, useRef, useState } from 'react';
 4 │ import { useMemoizedFn } from 'ahooks';
 5 │ import PMUtils from 'laoye-prosemirror-utils';
   ·                     ─────────────────────────
 6 │ import { getUuid, MCLogger } from '@mc/web-base-utils';
 7 │ import { RecordLayoutEnum } from '@notta/base';
   ╰──── @ https://us-assets.i.posthog.com/static/posthog-recorder.js?v=1.386.6:0
[ 3105231ms] [ERROR] File: /Users/williamchen/notta_monorepo/apps/notta-web/src/modules/prosemirror/plugins/transcription/toolbar-hovering/image-uploader/utils.ts:1:1
  × Module not found: Can't resolve 'laoye-prosemirror-utils' in '/Users/williamchen/notta_monorepo/apps/notta-web/src/modules/prosemirror/plugins/transcription/toolbar-hovering/image-uploader'
   ╭─[2:20]
 1 │ import { message } from 'antd';
 2 │ import PMUtils from 'laoye-prosemirror-utils';
   ·                     ─────────────────────────
 3 │ import { MCLogger } from '@mc/web-base-utils';
 4 │ import { accountDomain, globalDomain, ImagesStepEnum, MetaEnum, resourceDomain, transcribeDomain, transcriptionDomain, UPLOAD_IMAGES_MAX_NUMBER, websocketSessionManager } from '@notta/domain';
   ╰──── @ https://us-assets.i.posthog.com/static/posthog-recorder.js?v=1.386.6:0
[ 3105231ms] [ERROR] File: /Users/williamchen/notta_monorepo/apps/notta-web/src/modules/prosemirror/plugins/transcription/toolbar-multiple/index.tsx:1:1
  × Module not found: Can't resolve 'laoye-prosemirror-utils' in '/Users/williamchen/notta_monorepo/apps/notta-web/src/modules/prosemirror/plugins/transcription/toolbar-multiple'
   ╭─[1:20]
 1 │ import PMUtils from 'laoye-prosemirror-utils';
   ·                     ─────────────────────────
 2 │ import { Plugin } from 'prosemirror-state';
 3 │ import { Decoration, DecorationSet } from 'prosemirror-view';
   ╰──── @ https://us-assets.i.posthog.com/static/posthog-recorder.js?v=1.386.6:0
[ 3105231ms] [ERROR] File: /Users/williamchen/notta_monorepo/apps/notta-web/src/modules/prosemirror/plugins/transcription/toolbar-multiple/plugin-viewer/hooks/use-multiple-keyboard-control.ts:1:1
  × Module not found: Can't resolve 'laoye-prosemirror-utils' in '/Users/williamchen/notta_monorepo/apps/notta-web/src/modules/prosemirror/plugins/transcription/toolbar-multiple/plugin-viewer/hooks'
   ╭─[3:20]
 1 │ import { useEffect } from 'react';
 2 │ import { useMemoizedFn } from 'ahooks';
 3 │ import PMUtils from 'laoye-prosemirror-utils';
   ·                     ─────────────────────────
 4 │ import { Decoration } from 'prosemirror-view';
 5 │ import { useResourceDomain } from '@notta/domain';
   ╰──── @ https://us-assets.i.posthog.com/static/posthog-recorder.js?v=1.386.6:0
[ 3105231ms] [ERROR] File: /Users/williamchen/notta_monorepo/apps/notta-web/src/modules/prosemirror/plugins/transcription/toolbar-multiple/plugin-viewer/utils/index.ts:1:1
  × Module not found: Can't resolve 'laoye-prosemirror-utils' in '/Users/williamchen/notta_monorepo/apps/notta-web/src/modules/prosemirror/plugins/transcription/toolbar-multiple/plugin-viewer/utils'
   ╭─[2:20]
 1 │ import throttle from "lodash-es/throttle";
 2 │ import PMUtils from 'laoye-prosemirror-utils';
   ·                     ─────────────────────────
 3 │ import { Decoration } from 'prosemirror-view';
 4 │ import { layoutDomain, NodeTypeEnum, resourceDomain, transcriptionDomain } from '@notta/domain';
   ╰──── @ https://us-assets.i.posthog.com/static/posthog-recorder.js?v=1.386.6:0
[ 3105231ms] [ERROR] File: /Users/williamchen/notta_monorepo/apps/notta-web/src/modules/prosemirror/plugins/transcription/toolbar-multiple/plugin-viewer/views/index.tsx:1:1
  × Module not found: Can't resolve 'laoye-prosemirror-utils' in '/Users/williamchen/notta_monorepo/apps/notta-web/src/modules/prosemirror/plugins/transcription/toolbar-multiple/plugin-viewer/views'
   ╭─[6:20]
 4 │ import { createPortal } from 'react-dom';
 5 │ import { useMemoizedFn } from 'ahooks';
 6 │ import PMUtils from 'laoye-prosemirror-utils';
   ·                     ─────────────────────────
 7 │ import { transcriptionDomain, useLayoutDomain } from '@notta/domain';
 8 │ import { useMultipleKeyboardControl } from '../hooks';
   ╰──── @ https://us-assets.i.posthog.com/static/posthog-recorder.js?v=1.386.6:0
[ 3105232ms] [ERROR] File: /Users/williamchen/notta_monorepo/apps/notta-web/src/modules/prosemirror/plugins/transcription/toolbar-multiple/plugin-viewer/views/toolbar-actions/ActionShare.tsx:1:1
  × Module not found: Can't resolve 'laoye-prosemirror-utils' in '/Users/williamchen/notta_monorepo/apps/notta-web/src/modules/prosemirror/plugins/transcription/toolbar-multiple/plugin-viewer/views/toolbar-actions'
   ╭─[4:20]
 2 │ var _s = $RefreshSig$();
 3 │ import { memo } from 'react';
 4 │ import PMUtils from 'laoye-prosemirror-utils';
   ·                     ─────────────────────────
 5 │ import { RecordsShare } from 'notta-web-icon';
 6 │ import { useGlobalDomain } from '@notta/domain';
   ╰──── @ https://us-assets.i.posthog.com/static/posthog-recorder.js?v=1.386.6:0
[ 3105232ms] [ERROR] File: /Users/williamchen/notta_monorepo/apps/notta-web/src/modules/prosemirror/plugins/transcription/toolbar-selection/index.ts:1:1
  × Module not found: Can't resolve 'laoye-prosemirror-utils' in '/Users/williamchen/notta_monorepo/apps/notta-web/src/modules/prosemirror/plugins/transcription/toolbar-selection'
   ╭─[1:20]
 1 │ import PMUtils from 'laoye-prosemirror-utils';
   ·                     ─────────────────────────
 2 │ import { Plugin } from 'prosemirror-state';
 3 │ import { globalDomain, layoutDomain, MC_PMUtils, NodeTypeEnum } from '@notta/domain';
   ╰──── @ https://us-assets.i.posthog.com/static/posthog-recorder.js?v=1.386.6:0
[ 3105232ms] [ERROR] File: /Users/williamchen/notta_monorepo/apps/notta-web/src/modules/prosemirror/plugins/transcription/toolbar-selection/plugin-view/index.tsx:1:1
  × Module not found: Can't resolve 'laoye-prosemirror-utils' in '/Users/williamchen/notta_monorepo/apps/notta-web/src/modules/prosemirror/plugins/transcription/toolbar-selection/plugin-view'
   ╭─[5:20]
 3 │ import { forwardRef, useEffect, useImperativeHandle, useState } from 'react';
 4 │ import { useMemoizedFn, useUnmount } from 'ahooks';
 5 │ import PMUtils from 'laoye-prosemirror-utils';
   ·                     ─────────────────────────
 6 │ import { dataAttr } from '@notta/base';
 7 │ import { transcriptionDomain, useLayoutDomain, useResourceDomain, useTranscriptionDomain } from '@notta/domain';
   ╰──── @ https://us-assets.i.posthog.com/static/posthog-recorder.js?v=1.386.6:0
[ 3105232ms] [ERROR] File: /Users/williamchen/notta_monorepo/apps/notta-web/src/modules/prosemirror/utils/business/images.ts:1:1
  × Module not found: Can't resolve 'laoye-prosemirror-utils' in '/Users/williamchen/notta_monorepo/apps/notta-web/src/modules/prosemirror/utils/business'
   ╭─[6:20]
 4 │  *   - 业务场景：节点删除、选区删除、键盘指令、节点合并
 5 │  */ import { message } from 'antd';
 6 │ import PMUtils from 'laoye-prosemirror-utils';
   ·                     ─────────────────────────
 7 │ import { MAX_UPLOAD_FILE_SIZE_IN_M } from '@notta/base';
 8 │ import { globalDomain } from '@notta/domain';
   ╰──── @ https://us-assets.i.posthog.com/static/posthog-recorder.js?v=1.386.6:0
[ 3105232ms] [ERROR] File: /Users/williamchen/notta_monorepo/apps/notta-web/src/modules/prosemirror/utils/business/multilingual.ts:1:1
  × Module not found: Can't resolve 'laoye-prosemirror-utils' in '/Users/williamchen/notta_monorepo/apps/notta-web/src/modules/prosemirror/utils/business'
   ╭─[1:20]
 1 │ import PMUtils from 'laoye-prosemirror-utils';
   ·                     ─────────────────────────
 2 │ import { TextSelection } from 'prosemirror-state';
 3 │ import { GaDataLayer } from '@notta/base';
   ╰──── @ https://us-assets.i.posthog.com/static/posthog-recorder.js?v=1.386.6:0
[ 3105232ms] [ERROR] File: /Users/williamchen/notta_monorepo/apps/notta-web/src/modules/prosemirror/utils/business/summary-generating.ts:1:1
  × Module not found: Can't resolve 'laoye-prosemirror-utils' in '/Users/williamchen/notta_monorepo/apps/notta-web/src/modules/prosemirror/utils/business'
   ╭─[2:20]
 1 │ import { message } from 'antd';
 2 │ import PMUtils from 'laoye-prosemirror-utils';
   ·                     ─────────────────────────
 3 │ import { TextSelection } from 'prosemirror-state';
 4 │ import { LLMGenerationEnum } from '@notta/base';
   ╰──── @ https://us-assets.i.posthog.com/static/posthog-recorder.js?v=1.386.6:0
[ 3105232ms] [ERROR] File: /Users/williamchen/notta_monorepo/apps/notta-web/src/modules/prosemirror/utils/copy-contents/transcription.ts:1:1
  × Module not found: Can't resolve 'laoye-prosemirror-utils' in '/Users/williamchen/notta_monorepo/apps/notta-web/src/modules/prosemirror/utils/copy-contents'
   ╭─[4:20]
 2 │ import copy from 'copy-to-clipboard';
 3 │ import dayjs from 'dayjs';
 4 │ import PMUtils from 'laoye-prosemirror-utils';
   ·                     ─────────────────────────
 5 │ import { emitter } from '@notta/base';
 6 │ import { getLocalTimezone, globalDomain, NodeTypeEnum, transcriptionDomain, TranslatedShowModelEnum } from '@notta/domain';
   ╰──── @ https://us-assets.i.posthog.com/static/posthog-recorder.js?v=1.386.6:0
[ 3105232ms] [ERROR] File: /Users/williamchen/notta_monorepo/apps/notta-web/src/modules/resource/modules/resource-detail/layout/header/operation-area/OperationAgentChat.tsx:1:1
  × Module not found: Can't resolve 'laoye-prosemirror-utils' in '/Users/williamchen/notta_monorepo/apps/notta-web/src/modules/resource/modules/resource-detail/layout/header/operation-area'
   ╭─[5:20]
 3 │ import { memo, useMemo } from 'react';
 4 │ import { useMemoizedFn } from 'ahooks';
 5 │ import PMUtils from 'laoye-prosemirror-utils';
   ·                     ─────────────────────────
 6 │ import { SalesAgentFeatureEnum, transcriptionDomain, useAgentsDomain, useResourceDomain, useSalesAgentEnabled, useSalesAgentFeatureEnabled, useTranscriptionDomain } from '@notta/domain';
 7 │ import { AgentChatButton } from '@/modules/resource/components';
   ╰──── @ https://us-assets.i.posthog.com/static/posthog-recorder.js?v=1.386.6:0
[ 3105233ms] [ERROR] File: /Users/williamchen/notta_monorepo/apps/notta-web/src/modules/transcribe/modules/transcribe-entrances/entrance-btn/index.tsx:1:1
  × Module not found: Can't resolve 'react-lottie' in '/Users/williamchen/notta_monorepo/apps/notta-web/src/modules/transcribe/modules/transcribe-entrances/entrance-btn'
   ╭─[4:19]
 2 │ var _s = $RefreshSig$();
 3 │ import { memo, useState } from 'react';
 4 │ import Loitte from 'react-lottie';
   ·                    ──────────────
 5 │ import { useMemoizedFn, useMount } from 'ahooks';
 6 │ import cls from 'classnames';
   ╰──── @ https://us-assets.i.posthog.com/static/posthog-recorder.js?v=1.386.6:0
[ 3105233ms] [ERROR] File: /Users/williamchen/notta_monorepo/packages/components/src/ui/mc-llm-status-icon/index.tsx:1:1
  × Module not found: Can't resolve 'react-lottie' in '/Users/williamchen/notta_monorepo/packages/components/src/ui/mc-llm-status-icon'
   ╭─[2:19]
 1 │ import { jsxDEV as _jsxDEV } from "react/jsx-dev-runtime";
 2 │ import Lottie from 'react-lottie';
   ·                    ──────────────
 3 │ import { McSpin } from '../mc-spin';
 4 │ import { ReactComponent as LLMGeneratingSvg } from './llm-generating.svg';
   ╰──── @ https://us-assets.i.posthog.com/static/posthog-recorder.js?v=1.386.6:0
[ 3105233ms] [ERROR] File: /Users/williamchen/notta_monorepo/packages/domain/src/prosemirror/modules/comment/storage/editor.ts:1:1
  × Module not found: Can't resolve 'laoye-prosemirror-utils' in '/Users/williamchen/notta_monorepo/packages/domain/src/prosemirror/modules/comment/storage'
   ╭─[2:20]
 1 │ import isEmpty from "lodash-es/isEmpty";
 2 │ import PMUtils from 'laoye-prosemirror-utils';
   ·                     ─────────────────────────
 3 │ import { MCLogger } from '@mc/web-base-utils';
 4 │ import { NodeTypeEnum } from '@notta/domain';
   ╰──── @ https://us-assets.i.posthog.com/static/posthog-recorder.js?v=1.386.6:0
[ 3105233ms] [ERROR] File: /Users/williamchen/notta_monorepo/packages/domain/src/prosemirror/modules/notepad/utils/public.ts:1:1
  × Module not found: Can't resolve 'laoye-prosemirror-utils' in '/Users/williamchen/notta_monorepo/packages/domain/src/prosemirror/modules/notepad/utils'
   ╭─[1:20]
 1 │ import PMUtils from 'laoye-prosemirror-utils';
   ·                     ─────────────────────────
 2 │ import { NodeTypeEnum } from '@notta/domain';
 3 │ import { notepadDomain } from '../store';
   ╰──── @ https://us-assets.i.posthog.com/static/posthog-recorder.js?v=1.386.6:0
[ 3105233ms] [ERROR] File: /Users/williamchen/notta_monorepo/packages/domain/src/prosemirror/modules/transcription/services/comment.ts:1:1
  × Module not found: Can't resolve 'laoye-prosemirror-utils' in '/Users/williamchen/notta_monorepo/packages/domain/src/prosemirror/modules/transcription/services'
   ╭─[1:20]
 1 │ import PMUtils from 'laoye-prosemirror-utils';
   ·                     ─────────────────────────
 2 │ import { MarkTypeEnum, NodeTypeEnum } from '@notta/domain';
 3 │ import { commentDomain } from '../../comment';
   ╰──── @ https://us-assets.i.posthog.com/static/posthog-recorder.js?v=1.386.6:0
[ 3105233ms] [ERROR] File: /Users/williamchen/notta_monorepo/packages/domain/src/prosemirror/utils/node.ts:1:1
  × Module not found: Can't resolve 'laoye-prosemirror-utils' in '/Users/williamchen/notta_monorepo/packages/domain/src/prosemirror/utils'
   ╭─[1:20]
 1 │ import PMUtils from 'laoye-prosemirror-utils';
   ·                     ─────────────────────────
 2 │ import { globalDomain, resourceDomain } from '@notta/domain';
 3 │ import { MAX_EDIT_STEPS_FOR_VIEW_UPDATE } from '../common';
   ╰──── @ https://us-assets.i.posthog.com/static/posthog-recorder.js?v=1.386.6:0
[ 3518982ms] [ERROR] Failed to load resource: net::ERR_INTERNET_DISCONNECTED @ https://us.i.posthog.com/flags/?v=2&ip=0&_=1781261855051&ver=1.386.6&compression=base64:0
[58726446ms] [ERROR] Failed to load resource: net::ERR_NETWORK_CHANGED @ https://us.i.posthog.com/flags/?v=2&ip=0&_=1781316556581&ver=1.386.6&compression=base64:0
[67522729ms] [ERROR] Failed to load resource: net::ERR_NAME_NOT_RESOLVED @ https://us.i.posthog.com/flags/?v=2&ip=0&_=1781325857260&ver=1.386.6&compression=base64:0
[97544870ms] [ERROR] Failed to load resource: net::ERR_NAME_NOT_RESOLVED @ https://us.i.posthog.com/flags/?v=2&ip=0&_=1781355879418&ver=1.386.6&compression=base64:0
[129039479ms] [ERROR] Failed to load resource: net::ERR_NETWORK_CHANGED @ https://us.i.posthog.com/flags/?v=2&ip=0&_=1781387375056&ver=1.386.6&compression=base64:0
[143232014ms] [ERROR] Failed to load resource: net::ERR_NETWORK_CHANGED @ https://us.i.posthog.com/flags/?v=2&ip=0&_=1781401229955&ver=1.386.6&compression=base64:0
[167714394ms] [ERROR] Failed to load resource: net::ERR_NETWORK_CHANGED @ https://us.i.posthog.com/flags/?v=2&ip=0&_=1781425809531&ver=1.386.6&compression=base64:0
